RPY {-1.5708, -4.87609e-20, -1.57},RPY {-1.5708, -4.87609e-20, -1.57},RPY {-1.5713, 4.14781e-05, -1.57052},
RPY {-1.5708, -4.87609e-20, -1.57},RPY {-1.5708, -4.87609e-20, -1.57},RPY {-1.5713, 4.14781e-05, -1.57052},
RPY {-1.5708, -4.87609e-20, -1.57},RPY {-1.5708, -4.87609e-20, -1.57},RPY {-1.5713, 4.14781e-05, -1.57052},
RPY {-1.5708, -4.87609e-20, -1.57},RPY {-1.5708, -4.87609e-20, -1.57},RPY {-1.5713, 4.14781e-05, -1.57052},
RPY {-1.5708, -4.87609e-20, -1.57},RPY {-1.5708, -4.87609e-20, -1.57},RPY {-1.5713, 4.14781e-05, -1.57052},
RPY {-1.5708, -4.87609e-20, -1.57},RPY {-1.5708, -4.87609e-20, -1.57},RPY {-1.5713, 4.14781e-05, -1.57052},
RPY {-1.5708, -4.87609e-20, -1.57},RPY {-1.5708, -4.87609e-20, -1.57},RPY {-1.5713, 4.14781e-05, -1.57052},
RPY {-1.5708, -4.87609e-20, -1.57},RPY {-1.5708, -4.87609e-20, -1.57},RPY {-1.5713, 4.14781e-05, -1.57052},
RPY {-1.5708, -4.87609e-20, -1.57},RPY {-1.5708, -4.87609e-20, -1.57},RPY {-1.5713, 4.14781e-05, -1.57052},
RPY {-1.5708, -4.87609e-20, -1.57},RPY {-1.5708, -4.87609e-20, -1.57},RPY {-1.5713, 4.14781e-05, -1.57052},
RPY {-1.5708, -4.87609e-20, -1.57},RPY {-1.5708, -4.87609e-20, -1.57},RPY {-1.5713, 4.14781e-05, -1.57052},
RPY {-1.5708, -4.87609e-20, -1.57},RPY {-1.5708, -4.87609e-20, -1.57},RPY {-1.5713, 4.14781e-05, -1.57052},
RPY {-1.5708, -4.87609e-20, -1.57},RPY {-1.5708, -4.87609e-20, -1.57},RPY {-1.5713, 4.14781e-05, -1.57052},
RPY {-1.5708, -4.87609e-20, -1.57},RPY {-1.5708, -4.87609e-20, -1.57},RPY {-1.5713, 4.14781e-05, -1.57052},
RPY {-1.5708, -4.87609e-20, -1.57},RPY {-1.5708, -4.87609e-20, -1.57},RPY {-1.5713, 4.14781e-05, -1.57052},
RPY {-1.5708, -4.87609e-20, -1.57},RPY {-1.5708, -4.87609e-20, -1.57},RPY {-1.5713, 4.14781e-05, -1.57052},
RPY {-1.5708, -4.87609e-20, -1.57},RPY {-1.5708, -4.87609e-20, -1.57},RPY {-1.5713, 4.14781e-05, -1.57052},
RPY {-1.5708, -4.87609e-20, -1.57},RPY {-1.5708, -4.87609e-20, -1.57},RPY {-1.5713, 4.14781e-05, -1.57052},
RPY {-1.5708, -4.87609e-20, -1.57},RPY {-1.5708, -4.87609e-20, -1.57},RPY {-1.5713, 4.14781e-05, -1.57052},
RPY {-1.5708, -4.87609e-20, -1.57},RPY {-1.5708, -4.87609e-20, -1.57},RPY {-1.5713, 4.14781e-05, -1.57052},
RPY {-1.5708, -4.87609e-20, -1.57},RPY {-1.5708, -4.87609e-20, -1.57},RPY {-1.5713, 4.14781e-05, -1.57052},
RPY {-1.5708, -4.87609e-20, -1.57},RPY {-1.5708, -4.87609e-20, -1.57},RPY {-1.5713, 4.14781e-05, -1.57052},
RPY {-1.5708, -4.87609e-20, -1.57},RPY {-1.5708, -4.87609e-20, -1.57},RPY {-1.5713, 4.14781e-05, -1.57052},
RPY {-1.5708, -4.87609e-20, -1.57},RPY {-1.5708, -4.87609e-20, -1.57},RPY {-1.5713, 4.14781e-05, -1.57052},
RPY {-1.5708, -4.87609e-20, -1.57},RPY {-1.5708, -4.87609e-20, -1.57},RPY {-1.5713, 4.14781e-05, -1.57052},
RPY {-1.5708, -4.87609e-20, -1.57},RPY {-1.5708, -4.87609e-20, -1.57},RPY {-1.5713, 4.14781e-05, -1.57052},
RPY {-1.5708, -4.87609e-20, -1.57},RPY {-1.5708, -4.87609e-20, -1.57},RPY {-1.5713, 4.14781e-05, -1.57052},
RPY {-1.5708, -4.87609e-20, -1.57},RPY {-1.5708, -4.87609e-20, -1.57},RPY {-1.5713, 4.14781e-05, -1.57052},
RPY {-1.5708, -4.87609e-20, -1.57},RPY {-1.5708, -4.87609e-20, -1.57},RPY {-1.5713, 4.14781e-05, -1.57052},
RPY {-1.5708, -4.87609e-20, -1.57},RPY {-1.5708, -4.87609e-20, -1.57},RPY {-1.5713, 4.14781e-05, -1.57052},
RPY {-1.5708, -4.87609e-20, -1.57},RPY {-1.5708, -4.87609e-20, -1.57},RPY {-1.5713, 4.14781e-05, -1.57052},
RPY {-1.5708, -4.87609e-20, -1.57},RPY {-1.5708, -4.87609e-20, -1.57},RPY {-1.5713, 4.14781e-05, -1.57052},
RPY {-1.5708, -4.87609e-20, -1.57},RPY {-1.5708, -4.87609e-20, -1.57},RPY {-1.5713, 4.14781e-05, -1.57052},
RPY {-1.5708, -4.87609e-20, -1.57},RPY {-1.5708, -4.87609e-20, -1.57},RPY {-1.5713, 4.14781e-05, -1.57052},
RPY {-1.5708, -4.87609e-20, -1.57},RPY {-1.5708, -4.87609e-20, -1.57},RPY {-1.5713, 4.14781e-05, -1.57052},
RPY {-1.5708, -4.87609e-20, -1.57},RPY {-1.5708, -4.87609e-20, -1.57},RPY {-1.5713, 4.14781e-05, -1.57052},
RPY {-1.5708, -4.87609e-20, -1.57},RPY {-1.5708, -4.87609e-20, -1.57},RPY {-1.5713, 4.14781e-05, -1.57052},
RPY {-1.5708, -4.87609e-20, -1.57},RPY {-1.5708, -4.87609e-20, -1.57},RPY {-1.5713, 4.14781e-05, -1.57052},
RPY {-1.5708, -4.87609e-20, -1.57},RPY {-1.5708, -4.87609e-20, -1.57},RPY {-1.5713, 4.14781e-05, -1.57052},
RPY {-1.5708, -4.87609e-20, -1.57},RPY {-1.5708, -4.87609e-20, -1.57},RPY {-1.5713, 4.14781e-05, -1.57052},
RPY {-1.5708, -4.87609e-20, -1.57},RPY {-1.5708, -4.87609e-20, -1.57},RPY {-1.5713, 4.14781e-05, -1.57052},
RPY {-1.5708, -4.87609e-20, -1.57},RPY {-1.5708, -4.87609e-20, -1.57},RPY {-1.5713, 4.14781e-05, -1.57052},
RPY {-1.5708, -4.87609e-20, -1.57},RPY {-1.5708, -4.87609e-20, -1.57},RPY {-1.5713, 4.14781e-05, -1.57052},
RPY {-1.5708, -4.87609e-20, -1.57},RPY {-1.5708, -4.87609e-20, -1.57},RPY {-1.5713, 4.14781e-05, -1.57052},
RPY {-1.5708, -4.87609e-20, -1.57},RPY {-1.5708, -4.87609e-20, -1.57},RPY {-1.5713, 4.14781e-05, -1.57052},
RPY {-1.5708, -4.87609e-20, -1.57},RPY {-1.5708, -4.87609e-20, -1.57},RPY {-1.5713, 4.14781e-05, -1.57052},
RPY {-1.5708, -4.87609e-20, -1.57},RPY {-1.5708, -4.87609e-20, -1.57},RPY {-1.5713, 4.14781e-05, -1.57052},
RPY {-1.5708, -4.87609e-20, -1.57},RPY {-1.5708, -4.87609e-20, -1.57},RPY {-1.5713, 4.14781e-05, -1.57052},
RPY {-1.5708, -4.87609e-20, -1.57},RPY {-1.5708, -4.87609e-20, -1.57},RPY {-1.5713, 4.14781e-05, -1.57052},
RPY {-1.5708, -4.87609e-20, -1.57},RPY {-1.5708, -4.87609e-20, -1.57},RPY {-1.5713, 4.14781e-05, -1.57052},
RPY {-1.5708, -4.87609e-20, -1.57},RPY {-1.5708, -4.87609e-20, -1.57},RPY {-1.5713, 4.14781e-05, -1.57052},
RPY {-1.5708, -4.87609e-20, -1.57},RPY {-1.5708, -4.87609e-20, -1.57},RPY {-1.5713, 4.14781e-05, -1.57052},
RPY {-1.5708, -4.87609e-20, -1.57},RPY {-1.5708, -4.87609e-20, -1.57},RPY {-1.5713, 4.14781e-05, -1.57052},
RPY {-1.5708, -4.87609e-20, -1.57},RPY {-1.5708, -4.87609e-20, -1.57},RPY {-1.5713, 4.14781e-05, -1.57052},
RPY {-1.5708, -4.87609e-20, -1.57},RPY {-1.5708, -4.87609e-20, -1.57},RPY {-1.5713, 4.14781e-05, -1.57052},
RPY {-1.5708, -4.87609e-20, -1.57},RPY {-1.5708, -4.87609e-20, -1.57},RPY {-1.5713, 4.14781e-05, -1.57052},
RPY {-1.5708, -4.87609e-20, -1.57},RPY {-1.5708, -4.87609e-20, -1.57},RPY {-1.5713, 4.14781e-05, -1.57052},
RPY {-1.5708, -4.87609e-20, -1.57},RPY {-1.5708, -4.87609e-20, -1.57},RPY {-1.5713, 4.14781e-05, -1.57052},
RPY {-1.5708, -4.87609e-20, -1.57},RPY {-1.5708, -4.87609e-20, -1.57},RPY {-1.5713, 4.14781e-05, -1.57052},
RPY {-1.5708, -4.87609e-20, -1.57},RPY {-1.5708, -4.87609e-20, -1.57},RPY {-1.5713, 4.14781e-05, -1.57052},
RPY {-1.5708, -4.87609e-20, -1.57},RPY {-1.5708, -4.87609e-20, -1.57},RPY {-1.5713, 4.14781e-05, -1.57052},
RPY {-1.5708, -4.87609e-20, -1.57},RPY {-1.5708, -4.87609e-20, -1.57},RPY {-1.5713, 4.14781e-05, -1.57052},
RPY {-1.5708, -4.87609e-20, -1.57},RPY {-1.5708, -4.87609e-20, -1.57},RPY {-1.5713, 4.14781e-05, -1.57052},
RPY {-1.5708, -4.87609e-20, -1.57},RPY {-1.5708, -4.87609e-20, -1.57},RPY {-1.5713, 4.14781e-05, -1.57052},
RPY {-1.5708, -4.87609e-20, -1.57},RPY {-1.5708, -4.87609e-20, -1.57},RPY {-1.5713, 4.14781e-05, -1.57052},
RPY {-1.5708, -4.87609e-20, -1.57},RPY {-1.5708, -4.87609e-20, -1.57},RPY {-1.5713, 4.14781e-05, -1.57052},
RPY {-1.5708, -4.87609e-20, -1.57},RPY {-1.5708, -4.87609e-20, -1.57},RPY {-1.5713, 4.14781e-05, -1.57052},
RPY {-1.5708, -4.87609e-20, -1.57},RPY {-1.5708, -4.87609e-20, -1.57},RPY {-1.5713, 4.14781e-05, -1.57052},
RPY {-1.5708, -4.87609e-20, -1.57},RPY {-1.5708, -4.87609e-20, -1.57},RPY {-1.5713, 4.14781e-05, -1.57052},
RPY {-1.5708, -4.87609e-20, -1.57},RPY {-1.5708, -4.87609e-20, -1.57},RPY {-1.5713, 4.14781e-05, -1.57052},
RPY {-1.5708, -4.87609e-20, -1.57},RPY {-1.5708, -4.87609e-20, -1.57},RPY {-1.5713, 4.14781e-05, -1.57052},
RPY {-1.5708, -4.87609e-20, -1.57},RPY {-1.5708, -4.87609e-20, -1.57},RPY {-1.5713, 4.14781e-05, -1.57052},
RPY {-1.5708, -4.87609e-20, -1.57},RPY {-1.5708, -4.87609e-20, -1.57},RPY {-1.5713, 4.14781e-05, -1.57052},
RPY {-1.5708, -4.87609e-20, -1.57},RPY {-1.5708, -4.87609e-20, -1.57},RPY {-1.5713, 4.14781e-05, -1.57052},
RPY {-1.5708, -4.87609e-20, -1.57},RPY {-1.5708, -4.87609e-20, -1.57},RPY {-1.5713, 4.14781e-05, -1.57052},
RPY {-1.5708, -4.87609e-20, -1.57},RPY {-1.5708, -4.87609e-20, -1.57},RPY {-1.5713, 4.14781e-05, -1.57052},
RPY {-1.5708, -4.87609e-20, -1.57},RPY {-1.5708, -4.87609e-20, -1.57},RPY {-1.5713, 4.14781e-05, -1.57052},
RPY {-1.5708, -4.87609e-20, -1.57},RPY {-1.5708, -4.87609e-20, -1.57},RPY {-1.5713, 4.14781e-05, -1.57052},
RPY {-1.5708, -4.87609e-20, -1.57},RPY {-1.5708, -4.87609e-20, -1.57},RPY {-1.5713, 4.14781e-05, -1.57052},
RPY {-1.5708, -4.87609e-20, -1.57},RPY {-1.5708, -4.87609e-20, -1.57},RPY {-1.5713, 4.14781e-05, -1.57052},
RPY {-1.5708, -4.87609e-20, -1.57},RPY {-1.5708, -4.87609e-20, -1.57},RPY {-1.5713, 4.14781e-05, -1.57052},
RPY {-1.5708, -4.87609e-20, -1.57},RPY {-1.5708, -4.87609e-20, -1.57},RPY {-1.5713, 4.14781e-05, -1.57052},
RPY {-1.5708, -4.87609e-20, -1.57},RPY {-1.5708, -4.87609e-20, -1.57},RPY {-1.5713, 4.14781e-05, -1.57052},
RPY {-1.5708, -4.87609e-20, -1.57},RPY {-1.5708, -4.87609e-20, -1.57},RPY {-1.5713, 4.14781e-05, -1.57052},
RPY {-1.5708, -4.87609e-20, -1.57},RPY {-1.5708, -4.87609e-20, -1.57},RPY {-1.5713, 4.14781e-05, -1.57052},
RPY {-1.5708, -4.87609e-20, -1.57},RPY {-1.5708, -4.87609e-20, -1.57},RPY {-1.5713, 4.14781e-05, -1.57052},
RPY {-1.5708, -4.87609e-20, -1.57},RPY {-1.5708, -4.87609e-20, -1.57},RPY {-1.5713, 4.14781e-05, -1.57052},
RPY {-1.5708, -4.87609e-20, -1.57},RPY {-1.5708, -4.87609e-20, -1.57},RPY {-1.5713, 4.14781e-05, -1.57052},
RPY {-1.5708, -4.87609e-20, -1.57},RPY {-1.5708, -4.87609e-20, -1.57},RPY {-1.5713, 4.14781e-05, -1.57052},
RPY {-1.5708, -4.87609e-20, -1.57},RPY {-1.5708, -4.87609e-20, -1.57},RPY {-1.5713, 4.14781e-05, -1.57052},
RPY {-1.5708, -4.87609e-20, -1.57},RPY {-1.5708, -4.87609e-20, -1.57},RPY {-1.5713, 4.14781e-05, -1.57052},
RPY {-1.5708, -4.87609e-20, -1.57},RPY {-1.5708, -4.87609e-20, -1.57},RPY {-1.5713, 4.14781e-05, -1.57052},
RPY {-1.5708, -4.87609e-20, -1.57},RPY {-1.5708, -4.87609e-20, -1.57},RPY {-1.5713, 4.14781e-05, -1.57052},
RPY {-1.5708, -4.87609e-20, -1.57},RPY {-1.5708, -4.87609e-20, -1.57},RPY {-1.5713, 4.14781e-05, -1.57052},
RPY {-1.5708, -4.87609e-20, -1.57},RPY {-1.5708, -4.87609e-20, -1.57},RPY {-1.5713, 4.14781e-05, -1.57052},
RPY {-1.5708, -4.87609e-20, -1.57},RPY {-1.5708, -4.87609e-20, -1.57},RPY {-1.5713, 4.14781e-05, -1.57052},
RPY {-1.5708, -4.87609e-20, -1.57},RPY {-1.5708, -4.87609e-20, -1.57},RPY {-1.5713, 4.14781e-05, -1.57052},
RPY {-1.5708, -4.87609e-20, -1.57},RPY {-1.5708, -4.87609e-20, -1.57},RPY {-1.5713, 4.14781e-05, -1.57052},
RPY {-1.5708, -4.87609e-20, -1.57},RPY {-1.5708, -4.87609e-20, -1.57},RPY {-1.5713, 4.14781e-05, -1.57052},
RPY {-1.5708, -4.87609e-20, -1.57},RPY {-1.5708, -4.87609e-20, -1.57},RPY {-1.5713, 4.14781e-05, -1.57052},
RPY {-1.5708, -4.87609e-20, -1.57},RPY {-1.5708, -4.87609e-20, -1.57},RPY {-1.5713, 4.14781e-05, -1.57052},
RPY {-1.5708, -4.87609e-20, -1.57},RPY {-1.5708, -4.87609e-20, -1.57},RPY {-1.5713, 4.14781e-05, -1.57052},
RPY {-1.5708, -4.87609e-20, -1.57},RPY {-1.5708, -4.87609e-20, -1.57},RPY {-1.5713, 4.14781e-05, -1.57052},
RPY {-1.5708, -4.87609e-20, -1.57},RPY {-1.5708, -4.87609e-20, -1.57},RPY {-1.5713, 4.14781e-05, -1.57052},
RPY {-1.5708, -4.87609e-20, -1.57},RPY {-1.5708, -4.87609e-20, -1.57},RPY {-1.5713, 4.14781e-05, -1.57052},
RPY {-1.5708, -4.87609e-20, -1.57},RPY {-1.5708, -4.87609e-20, -1.57},RPY {-1.5713, 4.14781e-05, -1.57052},
RPY {-1.5708, -4.87609e-20, -1.57},RPY {-1.5708, -4.87609e-20, -1.57},RPY {-1.5713, 4.14781e-05, -1.57052},
RPY {-1.5708, -4.87609e-20, -1.57},RPY {-1.5708, -4.87609e-20, -1.57},RPY {-1.5713, 4.14781e-05, -1.57052},
RPY {-1.5708, -4.87609e-20, -1.57},RPY {-1.5708, -4.87609e-20, -1.57},RPY {-1.5713, 4.14781e-05, -1.57052},
RPY {-1.5708, -4.87609e-20, -1.57},RPY {-1.5708, -4.87609e-20, -1.57},RPY {-1.5713, 4.14781e-05, -1.57052},
RPY {-1.5708, -4.87609e-20, -1.57},RPY {-1.5708, -4.87609e-20, -1.57},RPY {-1.5713, 4.14781e-05, -1.57052},
RPY {-1.5708, -4.87609e-20, -1.57},RPY {-1.5708, -4.87609e-20, -1.57},RPY {-1.5713, 4.14781e-05, -1.57052},
RPY {-1.5708, -4.87609e-20, -1.57},RPY {-1.5708, -4.87609e-20, -1.57},RPY {-1.5713, 4.14781e-05, -1.57052},
RPY {-1.5708, -4.87609e-20, -1.57},RPY {-1.5708, -4.87609e-20, -1.57},RPY {-1.5713, 4.14781e-05, -1.57052},
RPY {-1.5708, -4.87609e-20, -1.57},RPY {-1.5708, -4.87609e-20, -1.57},RPY {-1.5713, 4.14781e-05, -1.57052},
RPY {-1.5708, -4.87609e-20, -1.57},RPY {-1.5708, -4.87609e-20, -1.57},RPY {-1.5713, 4.14781e-05, -1.57052},
RPY {-1.5708, -4.87609e-20, -1.57},RPY {-1.5708, -4.87609e-20, -1.57},RPY {-1.5713, 4.14781e-05, -1.57052},
RPY {-1.5708, -4.87609e-20, -1.57},RPY {-1.5708, -4.87609e-20, -1.57},RPY {-1.5713, 4.14781e-05, -1.57052},
RPY {-1.5708, -4.87609e-20, -1.57},RPY {-1.5708, -4.87609e-20, -1.57},RPY {-1.5713, 4.14781e-05, -1.57052},
RPY {-1.5708, -4.87609e-20, -1.57},RPY {-1.5708, -4.87609e-20, -1.57},RPY {-1.5713, 4.14781e-05, -1.57052},
RPY {-1.5708, -4.87609e-20, -1.57},RPY {-1.5708, -4.87609e-20, -1.57},RPY {-1.5713, 4.14781e-05, -1.57052},
RPY {-1.5708, -4.87609e-20, -1.57},RPY {-1.5708, -4.87609e-20, -1.57},RPY {-1.5713, 4.14781e-05, -1.57052},
RPY {-1.5708, -4.87609e-20, -1.57},RPY {-1.5708, -4.87609e-20, -1.57},RPY {-1.5713, 4.14781e-05, -1.57052},
RPY {-1.5708, -4.87609e-20, -1.57},RPY {-1.5708, -4.87609e-20, -1.57},RPY {-1.5713, 4.14781e-05, -1.57052},
RPY {-1.5708, -4.87609e-20, -1.57},RPY {-1.5708, -4.87609e-20, -1.57},RPY {-1.5713, 4.14781e-05, -1.57052},
RPY {-1.5708, -4.87609e-20, -1.57},RPY {-1.5708, -4.87609e-20, -1.57},RPY {-1.5713, 4.14781e-05, -1.57052},
RPY {-1.5708, -4.87609e-20, -1.57},RPY {-1.5708, -4.87609e-20, -1.57},RPY {-1.5713, 4.14781e-05, -1.57052},
RPY {-1.5708, -4.87609e-20, -1.57},RPY {-1.5708, -4.87609e-20, -1.57},RPY {-1.5713, 4.14781e-05, -1.57052},
RPY {-1.5708, -4.87609e-20, -1.57},RPY {-1.5708, -4.87609e-20, -1.57},RPY {-1.5713, 4.14781e-05, -1.57052},
RPY {-1.5708, -4.87609e-20, -1.57},RPY {-1.5708, -4.87609e-20, -1.57},RPY {-1.5713, 4.14781e-05, -1.57052},
RPY {-1.5708, -4.87609e-20, -1.57},RPY {-1.5708, -4.87609e-20, -1.57},RPY {-1.5713, 4.14781e-05, -1.57052},
RPY {-1.5708, -4.87609e-20, -1.57},RPY {-1.5708, -4.87609e-20, -1.57},RPY {-1.5713, 4.14781e-05, -1.57052},
RPY {-1.5708, -4.87609e-20, -1.57},RPY {-1.5708, -4.87609e-20, -1.57},RPY {-1.5713, 4.14781e-05, -1.57052},
RPY {-1.5708, -4.87609e-20, -1.57},RPY {-1.5708, -4.87609e-20, -1.57},RPY {-1.5713, 4.14781e-05, -1.57052},
RPY {-1.5708, -4.87609e-20, -1.57},RPY {-1.5708, -4.87609e-20, -1.57},RPY {-1.5713, 4.14781e-05, -1.57052},
RPY {-1.5708, -4.87609e-20, -1.57},RPY {-1.5708, -4.87609e-20, -1.57},RPY {-1.5713, 4.14781e-05, -1.57052},
RPY {-1.5708, -4.87609e-20, -1.57},RPY {-1.5708, -4.87609e-20, -1.57},RPY {-1.5713, 4.14781e-05, -1.57052},
RPY {-1.5708, -4.87609e-20, -1.57},RPY {-1.5708, -4.87609e-20, -1.57},RPY {-1.5713, 4.14781e-05, -1.57052},
RPY {-1.5708, -4.87609e-20, -1.57},RPY {-1.5708, -4.87609e-20, -1.57},RPY {-1.5713, 4.14781e-05, -1.57052},
RPY {-1.5708, -4.87609e-20, -1.57},RPY {-1.5708, -4.87609e-20, -1.57},RPY {-1.5713, 4.14781e-05, -1.57052},
RPY {-1.5708, -4.87609e-20, -1.57},RPY {-1.5708, -4.87609e-20, -1.57},RPY {-1.5713, 4.14781e-05, -1.57052},
RPY {-1.5708, -4.87609e-20, -1.57},RPY {-1.5708, -4.87609e-20, -1.57},RPY {-1.5713, 4.14781e-05, -1.57052},
RPY {-1.5708, -4.87609e-20, -1.57},RPY {-1.5708, -4.87609e-20, -1.57},RPY {-1.5713, 4.14781e-05, -1.57052},
RPY {-1.5708, -4.87609e-20, -1.57},RPY {-1.5708, -4.87609e-20, -1.57},RPY {-1.5713, 4.14781e-05, -1.57052},
RPY {-1.5708, -4.87609e-20, -1.57},RPY {-1.5708, -4.87609e-20, -1.57},RPY {-1.5713, 4.14781e-05, -1.57052},
RPY {-1.5708, -4.87609e-20, -1.57},RPY {-1.5708, -4.87609e-20, -1.57},RPY {-1.5713, 4.14781e-05, -1.57052},
RPY {-1.5708, -4.87609e-20, -1.57},RPY {-1.5708, -4.87609e-20, -1.57},RPY {-1.5713, 4.14781e-05, -1.57052},
RPY {-1.5708, -4.87609e-20, -1.57},RPY {-1.5708, -4.87609e-20, -1.57},RPY {-1.5713, 4.14781e-05, -1.57052},
RPY {-1.5708, -4.87609e-20, -1.57},RPY {-1.5708, -4.87609e-20, -1.57},RPY {-1.5713, 4.14781e-05, -1.57052},
RPY {-1.5708, -4.87609e-20, -1.57},RPY {-1.5708, -4.87609e-20, -1.57},RPY {-1.5713, 4.14781e-05, -1.57052},
RPY {-1.5708, -4.87609e-20, -1.57},RPY {-1.5708, -4.87609e-20, -1.57},RPY {-1.5713, 4.14781e-05, -1.57052},
RPY {-1.5708, -4.87609e-20, -1.57},RPY {-1.5708, -4.87609e-20, -1.57},RPY {-1.5713, 4.14781e-05, -1.57052},
RPY {-1.5708, -4.87609e-20, -1.57},RPY {-1.5708, -4.87609e-20, -1.57},RPY {-1.5713, 4.14781e-05, -1.57052},
RPY {-1.5708, -4.87609e-20, -1.57},RPY {-1.5708, -4.87609e-20, -1.57},RPY {-1.5713, 4.14781e-05, -1.57052},
RPY {-1.5708, -4.87609e-20, -1.57},RPY {-1.5708, -4.87609e-20, -1.57},RPY {-1.5713, 4.14781e-05, -1.57052},
RPY {-1.5708, -4.87609e-20, -1.57},RPY {-1.5708, -4.87609e-20, -1.57},RPY {-1.5713, 4.14781e-05, -1.57052},
RPY {-1.5708, -4.87609e-20, -1.57},RPY {-1.5708, -4.87609e-20, -1.57},RPY {-1.5713, 4.14781e-05, -1.57052},
RPY {-1.5708, -4.87609e-20, -1.57},RPY {-1.5708, -4.87609e-20, -1.57},RPY {-1.5713, 4.14781e-05, -1.57052},
RPY {-1.5708, -4.87609e-20, -1.57},RPY {-1.5708, -4.87609e-20, -1.57},RPY {-1.5713, 4.14781e-05, -1.57052},
RPY {-1.5708, -4.87609e-20, -1.57},RPY {-1.5708, -4.87609e-20, -1.57},RPY {-1.5713, 4.14781e-05, -1.57052},
RPY {-1.5708, -4.87609e-20, -1.57},RPY {-1.5708, -4.87609e-20, -1.57},RPY {-1.5713, 4.14781e-05, -1.57052},
RPY {-1.5708, -4.87609e-20, -1.57},RPY {-1.5708, -4.87609e-20, -1.57},RPY {-1.5713, 4.14781e-05, -1.57052},
RPY {-1.5708, -4.87609e-20, -1.57},RPY {-1.5708, -4.87609e-20, -1.57},RPY {-1.5713, 4.14781e-05, -1.57052},
RPY {-1.5708, -4.87609e-20, -1.57},RPY {-1.5708, -4.87609e-20, -1.57},RPY {-1.5713, 4.14781e-05, -1.57052},
RPY {-1.5708, -4.87609e-20, -1.57},RPY {-1.5708, -4.87609e-20, -1.57},RPY {-1.5713, 4.14781e-05, -1.57052},
RPY {-1.5708, -4.87609e-20, -1.57},RPY {-1.5708, -4.87609e-20, -1.57},RPY {-1.5713, 4.14781e-05, -1.57052},
RPY {-1.5708, -4.87609e-20, -1.57},RPY {-1.5708, -4.87609e-20, -1.57},RPY {-1.5713, 4.14781e-05, -1.57052},
RPY {-1.5708, -4.87609e-20, -1.57},RPY {-1.5708, -4.87609e-20, -1.57},RPY {-1.5713, 4.14781e-05, -1.57052},
RPY {-1.5708, -4.87609e-20, -1.57},RPY {-1.5708, -4.87609e-20, -1.57},RPY {-1.5713, 4.14781e-05, -1.57052},
RPY {-1.5708, -4.87609e-20, -1.57},RPY {-1.5708, -4.87609e-20, -1.57},RPY {-1.5713, 4.14781e-05, -1.57052},
RPY {-1.5708, -4.87609e-20, -1.57},RPY {-1.5708, -4.87609e-20, -1.57},RPY {-1.5713, 4.14781e-05, -1.57052},
RPY {-1.5708, -4.87609e-20, -1.57},RPY {-1.5708, -4.87609e-20, -1.57},RPY {-1.5713, 4.14781e-05, -1.57052},
RPY {-1.5708, -4.87609e-20, -1.57},RPY {-1.5708, -4.87609e-20, -1.57},RPY {-1.5713, 4.14781e-05, -1.57052},
RPY {-1.5708, -4.87609e-20, -1.57},RPY {-1.5708, -4.87609e-20, -1.57},RPY {-1.5713, 4.14781e-05, -1.57052},
RPY {-1.5708, -4.87609e-20, -1.57},RPY {-1.5708, -4.87609e-20, -1.57},RPY {-1.5713, 4.14781e-05, -1.57052},
RPY {-1.5708, -4.87609e-20, -1.57},RPY {-1.5708, -4.87609e-20, -1.57},RPY {-1.5713, 4.14781e-05, -1.57052},
RPY {-1.5708, -4.87609e-20, -1.57},RPY {-1.5708, -4.87609e-20, -1.57},RPY {-1.5713, 4.14781e-05, -1.57052},
RPY {-1.5708, -4.87609e-20, -1.57},RPY {-1.5708, -4.87609e-20, -1.57},RPY {-1.5713, 4.14781e-05, -1.57052},
RPY {-1.5708, -4.87609e-20, -1.57},RPY {-1.5708, -4.87609e-20, -1.57},RPY {-1.5713, 4.14781e-05, -1.57052},
RPY {-1.5708, -4.87609e-20, -1.57},RPY {-1.5708, -4.87609e-20, -1.57},RPY {-1.5713, 4.14781e-05, -1.57052},
RPY {-1.5708, -4.87609e-20, -1.57},RPY {-1.5708, -4.87609e-20, -1.57},RPY {-1.5713, 4.14781e-05, -1.57052},
RPY {-1.5708, -4.87609e-20, -1.57},RPY {-1.5708, -4.87609e-20, -1.57},RPY {-1.5713, 4.14781e-05, -1.57052},
RPY {-1.5708, -4.87609e-20, -1.57},RPY {-1.5708, -4.87609e-20, -1.57},RPY {-1.5713, 4.14781e-05, -1.57052},
RPY {-1.5708, -4.87609e-20, -1.57},RPY {-1.5708, -4.87609e-20, -1.57},RPY {-1.5713, 4.14781e-05, -1.57052},
RPY {-1.5708, -4.87609e-20, -1.57},RPY {-1.5708, -4.87609e-20, -1.57},RPY {-1.5713, 4.14781e-05, -1.57052},
RPY {-1.5708, -4.87609e-20, -1.57},RPY {-1.5708, -4.87609e-20, -1.57},RPY {-1.5713, 4.14781e-05, -1.57052},
RPY {-1.5708, -4.87609e-20, -1.57},RPY {-1.5708, -4.87609e-20, -1.57},RPY {-1.5713, 4.14781e-05, -1.57052},
RPY {-1.5708, -4.87609e-20, -1.57},RPY {-1.5708, -4.87609e-20, -1.57},RPY {-1.5713, 4.14781e-05, -1.57052},
RPY {-1.5708, -4.87609e-20, -1.57},RPY {-1.5708, -4.87609e-20, -1.57},RPY {-1.5713, 4.14781e-05, -1.57052},
RPY {-1.5708, -4.87609e-20, -1.57},RPY {-1.5708, -4.87609e-20, -1.57},RPY {-1.5713, 4.14781e-05, -1.57052},
RPY {-1.5708, -4.87609e-20, -1.57},RPY {-1.5708, -4.87609e-20, -1.57},RPY {-1.5713, 4.14781e-05, -1.57052},
RPY {-1.5708, -4.87609e-20, -1.57},RPY {-1.5708, -4.87609e-20, -1.57},RPY {-1.5713, 4.14781e-05, -1.57052},
RPY {-1.5708, -4.87609e-20, -1.57},RPY {-1.5708, -4.87609e-20, -1.57},RPY {-1.5713, 4.14781e-05, -1.57052},
RPY {-1.5708, -4.87609e-20, -1.57},RPY {-1.5708, -4.87609e-20, -1.57},RPY {-1.5713, 4.14781e-05, -1.57052},
RPY {-1.5708, -4.87609e-20, -1.57},RPY {-1.5708, -4.87609e-20, -1.57},RPY {-1.5713, 4.14781e-05, -1.57052},
RPY {-1.5708, -4.87609e-20, -1.57},RPY {-1.5708, -4.87609e-20, -1.57},RPY {-1.5713, 4.14781e-05, -1.57052},
RPY {-1.5708, -4.87609e-20, -1.57},RPY {-1.5708, -4.87609e-20, -1.57},RPY {-1.5713, 4.14781e-05, -1.57052},
RPY {-1.5708, -4.87609e-20, -1.57},RPY {-1.5708, -4.87609e-20, -1.57},RPY {-1.5713, 4.14781e-05, -1.57052},
RPY {-1.5708, -4.87609e-20, -1.57},RPY {-1.5708, -4.87609e-20, -1.57},RPY {-1.5713, 4.14781e-05, -1.57052},
RPY {-1.5708, -4.87609e-20, -1.57},RPY {-1.5708, -4.87609e-20, -1.57},RPY {-1.5713, 4.14781e-05, -1.57052},
RPY {-1.5708, -4.87609e-20, -1.57},RPY {-1.5708, -4.87609e-20, -1.57},RPY {-1.5713, 4.14781e-05, -1.57052},
RPY {-1.5708, -4.87609e-20, -1.57},RPY {-1.5708, -4.87609e-20, -1.57},RPY {-1.5713, 4.14781e-05, -1.57052},
RPY {-1.5708, -4.87609e-20, -1.57},RPY {-1.5708, -4.87609e-20, -1.57},RPY {-1.5713, 4.14781e-05, -1.57052},
RPY {-1.5708, -4.87609e-20, -1.57},RPY {-1.5708, -4.87609e-20, -1.57},RPY {-1.5713, 4.14781e-05, -1.57052},
RPY {-1.5708, -4.87609e-20, -1.57},RPY {-1.5708, -4.87609e-20, -1.57},RPY {-1.5713, 4.14781e-05, -1.57052},
RPY {-1.5708, -4.87609e-20, -1.57},RPY {-1.5708, -4.87609e-20, -1.57},RPY {-1.5713, 4.14781e-05, -1.57052},
RPY {-1.5708, -4.87609e-20, -1.57},RPY {-1.5708, -4.87609e-20, -1.57},RPY {-1.5713, 4.14781e-05, -1.57052},
RPY {-1.5708, -4.87609e-20, -1.57},RPY {-1.5708, -4.87609e-20, -1.57},RPY {-1.5713, 4.14781e-05, -1.57052},
RPY {-1.5708, -4.87609e-20, -1.57},RPY {-1.5708, -4.87609e-20, -1.57},RPY {-1.5713, 4.14781e-05, -1.57052},
RPY {-1.5708, -4.87609e-20, -1.57},RPY {-1.5708, -4.87609e-20, -1.57},RPY {-1.5713, 4.14781e-05, -1.57052},
RPY {-1.5708, -4.87609e-20, -1.57},RPY {-1.5708, -4.87609e-20, -1.57},RPY {-1.5713, 4.14781e-05, -1.57052},
RPY {-1.5708, -4.87609e-20, -1.57},RPY {-1.5708, -4.87609e-20, -1.57},RPY {-1.5713, 4.14781e-05, -1.57052},
RPY {-1.5708, -4.87609e-20, -1.57},RPY {-1.5708, -4.87609e-20, -1.57},RPY {-1.5713, 4.14781e-05, -1.57052},
RPY {-1.5708, -4.87609e-20, -1.57},RPY {-1.5708, -4.87609e-20, -1.57},RPY {-1.5713, 4.14781e-05, -1.57052},
RPY {-1.5708, -4.87609e-20, -1.57},RPY {-1.5708, -4.87609e-20, -1.57},RPY {-1.5713, 4.14781e-05, -1.57052},
RPY {-1.5708, -4.87609e-20, -1.57},RPY {-1.5708, -4.87609e-20, -1.57},RPY {-1.5713, 4.14781e-05, -1.57052},
RPY {-1.5708, -4.87609e-20, -1.57},RPY {-1.5708, -4.87609e-20, -1.57},RPY {-1.5713, 4.14781e-05, -1.57052},
RPY {-1.5708, -4.87609e-20, -1.57},RPY {-1.5708, -4.87609e-20, -1.57},RPY {-1.5713, 4.14781e-05, -1.57052},
RPY {-1.5708, -4.87609e-20, -1.57},RPY {-1.5708, -4.87609e-20, -1.57},RPY {-1.5713, 4.14781e-05, -1.57052},
RPY {-1.5708, -4.87609e-20, -1.57},RPY {-1.5708, -4.87609e-20, -1.57},RPY {-1.5713, 4.14781e-05, -1.57052},
RPY {-1.5708, -4.87609e-20, -1.57},RPY {-1.5708, -4.87609e-20, -1.57},RPY {-1.5713, 4.14781e-05, -1.57052},
RPY {-1.5708, -4.87609e-20, -1.57},RPY {-1.5708, -4.87609e-20, -1.57},RPY {-1.5713, 4.14781e-05, -1.57052},
RPY {-1.5708, -4.87609e-20, -1.57},RPY {-1.5708, -4.87609e-20, -1.57},RPY {-1.5713, 4.14781e-05, -1.57052},
RPY {-1.5708, -4.87609e-20, -1.57},RPY {-1.5708, -4.87609e-20, -1.57},RPY {-1.5713, 4.14781e-05, -1.57052},
RPY {-1.5708, -4.87609e-20, -1.57},RPY {-1.5708, -4.87609e-20, -1.57},RPY {-1.5713, 4.14781e-05, -1.57052},
RPY {-1.5708, -4.87609e-20, -1.57},RPY {-1.5708, -4.87609e-20, -1.57},RPY {-1.5713, 4.14781e-05, -1.57052},
RPY {-1.5708, -4.87609e-20, -1.57},RPY {-1.5708, -4.87609e-20, -1.57},RPY {-1.5713, 4.14781e-05, -1.57052},
RPY {-1.5708, -4.87609e-20, -1.57},RPY {-1.5708, -4.87609e-20, -1.57},RPY {-1.5713, 4.14781e-05, -1.57052},
RPY {-1.5708, -4.87609e-20, -1.57},RPY {-1.5708, -4.87609e-20, -1.57},RPY {-1.5713, 4.14781e-05, -1.57052},
RPY {-1.5708, -4.87609e-20, -1.57},RPY {-1.5708, -4.87609e-20, -1.57},RPY {-1.5713, 4.14781e-05, -1.57052},
RPY {-1.5708, -4.87609e-20, -1.57},RPY {-1.5708, -4.87609e-20, -1.57},RPY {-1.5713, 4.14781e-05, -1.57052},
RPY {-1.5708, -4.87609e-20, -1.57},RPY {-1.5708, -4.87609e-20, -1.57},RPY {-1.5713, 4.14781e-05, -1.57052},
RPY {-1.5708, -4.87609e-20, -1.57},RPY {-1.5708, -4.87609e-20, -1.57},RPY {-1.5713, 4.14781e-05, -1.57052},
RPY {-1.5708, -4.87609e-20, -1.57},RPY {-1.5708, -4.87609e-20, -1.57},RPY {-1.5713, 4.14781e-05, -1.57052},
RPY {-1.5708, -4.87609e-20, -1.57},RPY {-1.5708, -4.87609e-20, -1.57},RPY {-1.5713, 4.14781e-05, -1.57052},
RPY {-1.5708, -4.87609e-20, -1.57},RPY {-1.5708, -4.87609e-20, -1.57},RPY {-1.5713, 4.14781e-05, -1.57052},
RPY {-1.5708, -4.87609e-20, -1.57},RPY {-1.5708, -4.87609e-20, -1.57},RPY {-1.5713, 4.14781e-05, -1.57052},
RPY {-1.5708, -4.87609e-20, -1.57},RPY {-1.5708, -4.87609e-20, -1.57},RPY {-1.5713, 4.14781e-05, -1.57052},
RPY {-1.5708, -4.87609e-20, -1.57},RPY {-1.5708, -4.87609e-20, -1.57},RPY {-1.5713, 4.14781e-05, -1.57052},
RPY {-1.5708, -4.87609e-20, -1.57},RPY {-1.5708, -4.87609e-20, -1.57},RPY {-1.5713, 4.14781e-05, -1.57052},
RPY {-1.5708, -4.87609e-20, -1.57},RPY {-1.5708, -4.87609e-20, -1.57},RPY {-1.5713, 4.14781e-05, -1.57052},
RPY {-1.5708, -4.87609e-20, -1.57},RPY {-1.5708, -4.87609e-20, -1.57},RPY {-1.5713, 4.14781e-05, -1.57052},
RPY {-1.5708, -4.87609e-20, -1.57},RPY {-1.5708, -4.87609e-20, -1.57},RPY {-1.5713, 4.14781e-05, -1.57052},
RPY {-1.5708, -4.87609e-20, -1.57},RPY {-1.5708, -4.87609e-20, -1.57},RPY {-1.5713, 4.14781e-05, -1.57052},
RPY {-1.5708, -4.87609e-20, -1.57},RPY {-1.5708, -4.87609e-20, -1.57},RPY {-1.5713, 4.14781e-05, -1.57052},
RPY {-1.5708, -4.87609e-20, -1.57},RPY {-1.5708, -4.87609e-20, -1.57},RPY {-1.5713, 4.14781e-05, -1.57052},
RPY {-1.5708, -4.87609e-20, -1.57},RPY {-1.5708, -4.87609e-20, -1.57},RPY {-1.5713, 4.14781e-05, -1.57052},
RPY {-1.5708, -4.87609e-20, -1.57},RPY {-1.5708, -4.87609e-20, -1.57},RPY {-1.5713, 4.14781e-05, -1.57052},
RPY {-1.5708, -4.87609e-20, -1.57},RPY {-1.5708, -4.87609e-20, -1.57},RPY {-1.5713, 4.14781e-05, -1.57052},
RPY {-1.5708, -4.87609e-20, -1.57},RPY {-1.5708, -4.87609e-20, -1.57},RPY {-1.5713, 4.14781e-05, -1.57052},
RPY {-1.5708, -4.87609e-20, -1.57},RPY {-1.5708, -4.87609e-20, -1.57},RPY {-1.5713, 4.14781e-05, -1.57052},
RPY {-1.5708, -4.87609e-20, -1.57},RPY {-1.5708, -4.87609e-20, -1.57},RPY {-1.5713, 4.14781e-05, -1.57052},
RPY {-1.5708, -4.87609e-20, -1.57},RPY {-1.5708, -4.87609e-20, -1.57},RPY {-1.5713, 4.14781e-05, -1.57052},
RPY {-1.5708, -4.87609e-20, -1.57},RPY {-1.5708, -4.87609e-20, -1.57},RPY {-1.5713, 4.14781e-05, -1.57052},
RPY {-1.5708, -4.87609e-20, -1.57},RPY {-1.5708, -4.87609e-20, -1.57},RPY {-1.5713, 4.14781e-05, -1.57052},
RPY {-1.5708, -4.87609e-20, -1.57},RPY {-1.5708, -4.87609e-20, -1.57},RPY {-1.5713, 4.14781e-05, -1.57052},
RPY {-1.5708, -4.87609e-20, -1.57},RPY {-1.5708, -4.87609e-20, -1.57},RPY {-1.5713, 4.14781e-05, -1.57052},
RPY {-1.5708, -4.87609e-20, -1.57},RPY {-1.5708, -4.87609e-20, -1.57},RPY {-1.5713, 4.14781e-05, -1.57052},
RPY {-1.5708, -4.87609e-20, -1.57},RPY {-1.5708, -4.87609e-20, -1.57},RPY {-1.5713, 4.14781e-05, -1.57052},
RPY {-1.5708, -4.87609e-20, -1.57},RPY {-1.5708, -4.87609e-20, -1.57},RPY {-1.5713, 4.14781e-05, -1.57052},
RPY {-1.5708, -4.87609e-20, -1.57},RPY {-1.5708, -4.87609e-20, -1.57},RPY {-1.5713, 4.14781e-05, -1.57052},
RPY {-1.5708, -4.87609e-20, -1.57},RPY {-1.5708, -4.87609e-20, -1.57},RPY {-1.5713, 4.14781e-05, -1.57052},
RPY {-1.5708, -4.87609e-20, -1.57},RPY {-1.5708, -4.87609e-20, -1.57},RPY {-1.5713, 4.14781e-05, -1.57052},
RPY {-1.5708, -4.87609e-20, -1.57},RPY {-1.5708, -4.87609e-20, -1.57},RPY {-1.5713, 4.14781e-05, -1.57052},
RPY {-1.5708, -4.87609e-20, -1.57},RPY {-1.5708, -4.87609e-20, -1.57},RPY {-1.5713, 4.14781e-05, -1.57052},
RPY {-1.5708, -4.87609e-20, -1.57},RPY {-1.5708, -4.87609e-20, -1.57},RPY {-1.5713, 4.14781e-05, -1.57052},
RPY {-1.5708, -4.87609e-20, -1.57},RPY {-1.5708, -4.87609e-20, -1.57},RPY {-1.5713, 4.14781e-05, -1.57052},
RPY {-1.5708, -4.87609e-20, -1.57},RPY {-1.5708, -4.87609e-20, -1.57},RPY {-1.5713, 4.14781e-05, -1.57052},
RPY {-1.5708, -4.87609e-20, -1.57},RPY {-1.5708, -4.87609e-20, -1.57},RPY {-1.5713, 4.14781e-05, -1.57052},
RPY {-1.5708, -4.87609e-20, -1.57},RPY {-1.5708, -4.87609e-20, -1.57},RPY {-1.5713, 4.14781e-05, -1.57052},
RPY {-1.5708, -4.87609e-20, -1.57},RPY {-1.5708, -4.87609e-20, -1.57},RPY {-1.5713, 4.14781e-05, -1.57052},
RPY {-1.5708, -4.87609e-20, -1.57},RPY {-1.5708, -4.87609e-20, -1.57},RPY {-1.5713, 4.14781e-05, -1.57052},
RPY {-1.5708, -4.87609e-20, -1.57},RPY {-1.5708, -4.87609e-20, -1.57},RPY {-1.5713, 4.14781e-05, -1.57052},
RPY {-1.5708, -4.87609e-20, -1.57},RPY {-1.5708, -4.87609e-20, -1.57},RPY {-1.5713, 4.14781e-05, -1.57052},
RPY {-1.5708, -4.87609e-20, -1.57},RPY {-1.5708, -4.87609e-20, -1.57},RPY {-1.5713, 4.14781e-05, -1.57052},
RPY {-1.5708, -4.87609e-20, -1.57},RPY {-1.5708, -4.87609e-20, -1.57},RPY {-1.5713, 4.14781e-05, -1.57052},
RPY {-1.5708, -4.87609e-20, -1.57},RPY {-1.5708, -4.87609e-20, -1.57},RPY {-1.5713, 4.14781e-05, -1.57052},
RPY {-1.5708, -4.87609e-20, -1.57},RPY {-1.5708, -4.87609e-20, -1.57},RPY {-1.5713, 4.14781e-05, -1.57052},
RPY {-1.5708, -4.87609e-20, -1.57},RPY {-1.5708, -4.87609e-20, -1.57},RPY {-1.5713, 4.14781e-05, -1.57052},
RPY {-1.5708, -4.87609e-20, -1.57},RPY {-1.5708, -4.87609e-20, -1.57},RPY {-1.5713, 4.14781e-05, -1.57052},
RPY {-1.5708, -4.87609e-20, -1.57},RPY {-1.5708, -4.87609e-20, -1.57},RPY {-1.5713, 4.14781e-05, -1.57052},
RPY {-1.5708, -4.87609e-20, -1.57},RPY {-1.5708, -4.87609e-20, -1.57},RPY {-1.5713, 4.14781e-05, -1.57052},
RPY {-1.5708, -4.87609e-20, -1.57},RPY {-1.5708, -4.87609e-20, -1.57},RPY {-1.5713, 4.14781e-05, -1.57052},
RPY {-1.5708, -4.87609e-20, -1.57},RPY {-1.5708, -4.87609e-20, -1.57},RPY {-1.5713, 4.14781e-05, -1.57052},
RPY {-1.5708, -4.87609e-20, -1.57},RPY {-1.5708, -4.87609e-20, -1.57},RPY {-1.5713, 4.14781e-05, -1.57052},
RPY {-1.5708, -4.87609e-20, -1.57},RPY {-1.5708, -4.87609e-20, -1.57},RPY {-1.5713, 4.14781e-05, -1.57052},
RPY {-1.5708, -4.87609e-20, -1.57},RPY {-1.5708, -4.87609e-20, -1.57},RPY {-1.5713, 4.14781e-05, -1.57052},
RPY {-1.5708, -4.87609e-20, -1.57},RPY {-1.5708, -4.87609e-20, -1.57},RPY {-1.5713, 4.14781e-05, -1.57052},
RPY {-1.5708, -4.87609e-20, -1.57},RPY {-1.5708, -4.87609e-20, -1.57},RPY {-1.5713, 4.14781e-05, -1.57052},
RPY {-1.5708, -4.87609e-20, -1.57},RPY {-1.5708, -4.87609e-20, -1.57},RPY {-1.5713, 4.14781e-05, -1.57052},
RPY {-1.5708, -4.87609e-20, -1.57},RPY {-1.5708, -4.87609e-20, -1.57},RPY {-1.5713, 4.14781e-05, -1.57052},
RPY {-1.5708, -4.87609e-20, -1.57},RPY {-1.5708, -4.87609e-20, -1.57},RPY {-1.5713, 4.14781e-05, -1.57052},
RPY {-1.5708, -4.87609e-20, -1.57},RPY {-1.5708, -4.87609e-20, -1.57},RPY {-1.5713, 4.14781e-05, -1.57052},
RPY {-1.5708, -4.87609e-20, -1.57},RPY {-1.5708, -4.87609e-20, -1.57},RPY {-1.5713, 4.14781e-05, -1.57052},
RPY {-1.5708, -4.87609e-20, -1.57},RPY {-1.5708, -4.87609e-20, -1.57},RPY {-1.5713, 4.14781e-05, -1.57052},
RPY {-1.5708, -4.87609e-20, -1.57},RPY {-1.5708, -4.87609e-20, -1.57},RPY {-1.5713, 4.14781e-05, -1.57052},
RPY {-1.5708, -4.87609e-20, -1.57},RPY {-1.5708, -4.87609e-20, -1.57},RPY {-1.5713, 4.14781e-05, -1.57052},
RPY {-1.5708, -4.87609e-20, -1.57},RPY {-1.5708, -4.87609e-20, -1.57},RPY {-1.5713, 4.14781e-05, -1.57052},
RPY {-1.5708, -4.87609e-20, -1.57},RPY {-1.5708, -4.87609e-20, -1.57},RPY {-1.5713, 4.14781e-05, -1.57052},
RPY {-1.5708, -4.87609e-20, -1.57},RPY {-1.5708, -4.87609e-20, -1.57},RPY {-1.5713, 4.14781e-05, -1.57052},
RPY {-1.5708, -4.87609e-20, -1.57},RPY {-1.5708, -4.87609e-20, -1.57},RPY {-1.5713, 4.14781e-05, -1.57052},
RPY {-1.5708, -4.87609e-20, -1.57},RPY {-1.5708, -4.87609e-20, -1.57},RPY {-1.5713, 4.14781e-05, -1.57052},
RPY {-1.5708, -4.87609e-20, -1.57},RPY {-1.5708, -4.87609e-20, -1.57},RPY {-1.5713, 4.14781e-05, -1.57052},
RPY {-1.5708, -4.87609e-20, -1.57},RPY {-1.5708, -4.87609e-20, -1.57},RPY {-1.5713, 4.14781e-05, -1.57052},
RPY {-1.5708, -4.87609e-20, -1.57},RPY {-1.5708, -4.87609e-20, -1.57},RPY {-1.5713, 4.14781e-05, -1.57052},
RPY {-1.5708, -4.87609e-20, -1.57},RPY {-1.5708, -4.87609e-20, -1.57},RPY {-1.5713, 4.14781e-05, -1.57052},
RPY {-1.5708, -4.87609e-20, -1.57},RPY {-1.5708, -4.87609e-20, -1.57},RPY {-1.5713, 4.14781e-05, -1.57052},
RPY {-1.5708, -4.87609e-20, -1.57},RPY {-1.5708, -4.87609e-20, -1.57},RPY {-1.5713, 4.14781e-05, -1.57052},
RPY {-1.5708, -4.87609e-20, -1.57},RPY {-1.5708, -4.87609e-20, -1.57},RPY {-1.5713, 4.14781e-05, -1.57052},
RPY {-1.5708, -4.87609e-20, -1.57},RPY {-1.5708, -4.87609e-20, -1.57},RPY {-1.5713, 4.14781e-05, -1.57052},
RPY {-1.5708, -4.87609e-20, -1.57},RPY {-1.5708, -4.87609e-20, -1.57},RPY {-1.5713, 4.14781e-05, -1.57052},
RPY {-1.5708, -4.87609e-20, -1.57},RPY {-1.5708, -4.87609e-20, -1.57},RPY {-1.5713, 4.14781e-05, -1.57052},
RPY {-1.5708, -4.87609e-20, -1.57},RPY {-1.5708, -4.87609e-20, -1.57},RPY {-1.5713, 4.14781e-05, -1.57052},
RPY {-1.5708, -4.87609e-20, -1.57},RPY {-1.5708, -4.87609e-20, -1.57},RPY {-1.5713, 4.14781e-05, -1.57052},
RPY {-1.5708, -4.87609e-20, -1.57},RPY {-1.5708, -4.87609e-20, -1.57},RPY {-1.5713, 4.14781e-05, -1.57052},
RPY {-1.5708, -4.87609e-20, -1.57},RPY {-1.5708, -4.87609e-20, -1.57},RPY {-1.5713, 4.14781e-05, -1.57052},
RPY {-1.5708, -4.87609e-20, -1.57},RPY {-1.5708, -4.87609e-20, -1.57},RPY {-1.5713, 4.14781e-05, -1.57052},
RPY {-1.5708, -4.87609e-20, -1.57},RPY {-1.5708, -4.87609e-20, -1.57},RPY {-1.5713, 4.14781e-05, -1.57052},
RPY {-1.5708, -4.87609e-20, -1.57},RPY {-1.5708, -4.87609e-20, -1.57},RPY {-1.5713, 4.14781e-05, -1.57052},
RPY {-1.5708, -4.87609e-20, -1.57},RPY {-1.5708, -4.87609e-20, -1.57},RPY {-1.5713, 4.14781e-05, -1.57052},
RPY {-1.5708, -4.87609e-20, -1.57},RPY {-1.5708, -4.87609e-20, -1.57},RPY {-1.5713, 4.14781e-05, -1.57052},
RPY {-1.5708, -4.87609e-20, -1.57},RPY {-1.5708, -4.87609e-20, -1.57},RPY {-1.5713, 4.14781e-05, -1.57052},
RPY {-1.5708, -4.87609e-20, -1.57},RPY {-1.5708, -4.87609e-20, -1.57},RPY {-1.5713, 4.14781e-05, -1.57052},
RPY {-1.5708, -4.87609e-20, -1.57},RPY {-1.5708, -4.87609e-20, -1.57},RPY {-1.5713, 4.14781e-05, -1.57052},
RPY {-1.5708, -4.87609e-20, -1.57},RPY {-1.5708, -4.87609e-20, -1.57},RPY {-1.5713, 4.14781e-05, -1.57052},
RPY {-1.5708, -4.87609e-20, -1.57},RPY {-1.5708, -4.87609e-20, -1.57},RPY {-1.5713, 4.14781e-05, -1.57052},
RPY {-1.5708, -4.87609e-20, -1.57},RPY {-1.5708, -4.87609e-20, -1.57},RPY {-1.5713, 4.14781e-05, -1.57052},
RPY {-1.5708, -4.87609e-20, -1.57},RPY {-1.5708, -4.87609e-20, -1.57},RPY {-1.5713, 4.14781e-05, -1.57052},
RPY {-1.5708, -4.87609e-20, -1.57},RPY {-1.5708, -4.87609e-20, -1.57},RPY {-1.5713, 4.14781e-05, -1.57052},
RPY {-1.5708, -4.87609e-20, -1.57},RPY {-1.5708, -4.87609e-20, -1.57},RPY {-1.5713, 4.14781e-05, -1.57052},
RPY {-1.5708, -4.87609e-20, -1.57},RPY {-1.5708, -4.87609e-20, -1.57},RPY {-1.5713, 4.14781e-05, -1.57052},
RPY {-1.5708, -4.87609e-20, -1.57},RPY {-1.5708, -4.87609e-20, -1.57},RPY {-1.5713, 4.14781e-05, -1.57052},
RPY {-1.5708, -4.87609e-20, -1.57},RPY {-1.5708, -4.87609e-20, -1.57},RPY {-1.5713, 4.14781e-05, -1.57052},
RPY {-1.5708, -4.87609e-20, -1.57},RPY {-1.5708, -4.87609e-20, -1.57},RPY {-1.5713, 4.14781e-05, -1.57052},
RPY {-1.5708, -4.87609e-20, -1.57},RPY {-1.5708, -4.87609e-20, -1.57},RPY {-1.5713, 4.14781e-05, -1.57052},
RPY {-1.5708, -4.87609e-20, -1.57},RPY {-1.5708, -4.87609e-20, -1.57},RPY {-1.5713, 4.14781e-05, -1.57052},
RPY {-1.5708, -4.87609e-20, -1.57},RPY {-1.5708, -4.87609e-20, -1.57},RPY {-1.5713, 4.14781e-05, -1.57052},
RPY {-1.5708, -4.87609e-20, -1.57},RPY {-1.5708, -4.87609e-20, -1.57},RPY {-1.5713, 4.14781e-05, -1.57052},
RPY {-1.5708, -4.87609e-20, -1.57},RPY {-1.5708, -4.87609e-20, -1.57},RPY {-1.5713, 4.14781e-05, -1.57052},
RPY {-1.5708, -4.87609e-20, -1.57},RPY {-1.5708, -4.87609e-20, -1.57},RPY {-1.5713, 4.14781e-05, -1.57052},
RPY {-1.5708, -4.87609e-20, -1.57},RPY {-1.5708, -4.87609e-20, -1.57},RPY {-1.5713, 4.14781e-05, -1.57052},
RPY {-1.5708, -4.87609e-20, -1.57},RPY {-1.5708, -4.87609e-20, -1.57},RPY {-1.5713, 4.14781e-05, -1.57052},
RPY {-1.5708, -4.87609e-20, -1.57},RPY {-1.5708, -4.87609e-20, -1.57},RPY {-1.5713, 4.14781e-05, -1.57052},
RPY {-1.5708, -4.87609e-20, -1.57},RPY {-1.5708, -4.87609e-20, -1.57},RPY {-1.5713, 4.14781e-05, -1.57052},
RPY {-1.5708, -4.87609e-20, -1.57},RPY {-1.5708, -4.87609e-20, -1.57},RPY {-1.5713, 4.14781e-05, -1.57052},
RPY {-1.5708, -4.87609e-20, -1.57},RPY {-1.5708, -4.87609e-20, -1.57},RPY {-1.5713, 4.14781e-05, -1.57052},
RPY {-1.5708, -4.87609e-20, -1.57},RPY {-1.5708, -4.87609e-20, -1.57},RPY {-1.5713, 4.14781e-05, -1.57052},
RPY {-1.5708, -4.87609e-20, -1.57},RPY {-1.5708, -4.87609e-20, -1.57},RPY {-1.5713, 4.14781e-05, -1.57052},
RPY {-1.5708, -4.87609e-20, -1.57},RPY {-1.5708, -4.87609e-20, -1.57},RPY {-1.5713, 4.14781e-05, -1.57052},
RPY {-1.5708, -4.87609e-20, -1.57},RPY {-1.5708, -4.87609e-20, -1.57},RPY {-1.5713, 4.14781e-05, -1.57052},
