0,0,0,0,0,0,0,
1.32404e-06,5.36789e-07,-1.17485e-06,-1.22708e-06,2.99729e-07,1.41923e-06,-9.39071e-07,
0.0755048,4.15113e-07,-0.100421,-1.28641e-06,0.0110063,1.57055e-06,-0.0708193,
0.075519,0.000360677,-0.100286,-0.0128605,0.0108798,0.00823037,-0.07032,
0.0740004,-0.00169483,-0.0980597,-0.0183484,0.0107042,0.0116683,-0.0681815,
0.0725412,-0.00359266,-0.0955881,-0.0234665,0.00998771,0.0147722,-0.0657006,
0.0709782,-0.00520261,-0.0926332,-0.0285653,0.0088477,0.0177539,-0.062557,
0.0695009,-0.00658385,-0.0894002,-0.0335824,0.00738584,0.020574,-0.0589323,
0.0682786,-0.00779125,-0.0860692,-0.0385637,0.0056795,0.0232683,-0.0550023,
0.0674215,-0.00889059,-0.0827513,-0.0435697,0.003781,0.0258828,-0.0509003,
0.066989,-0.00995018,-0.0794977,-0.0486666,0.00171935,0.0284642,-0.0467253,
0.00939125,-0.0140944,0.00656841,0.00488323,-0.0356176,-0.00138058,-0.0644448,
0.00172278,-0.0182199,0.015908,0.0185327,-0.0404318,-0.00823574,-0.0688775,
0.00301681,-0.019562,0.0136232,0.0199858,-0.0407999,-0.00852491,-0.0696093,
0.00411874,-0.0199457,0.011912,0.0198054,-0.0411217,-0.00778821,-0.0698179,
0.00505955,-0.0202918,0.0104183,0.0195853,-0.0414228,-0.00698036,-0.0700227,
0.00600227,-0.0206432,0.00895743,0.0192082,-0.0416971,-0.00604909,-0.0703262,
0.00693293,-0.0209898,0.00756334,0.0186655,-0.0419373,-0.00499791,-0.0707223,
0.00784003,-0.0213356,0.00626248,0.0179772,-0.0421346,-0.00384325,-0.0712108,
0.0087211,-0.0216845,0.00507235,0.0171573,-0.0422789,-0.00259541,-0.0717954,
0.00957681,-0.0220383,0.00400782,0.0162161,-0.0423582,-0.00126095,-0.0724807,
-0.0405658,0.0380467,0.0558176,0.00609443,0.00707012,-0.0027252,0.0426008,
-0.047525,0.0455057,0.0675137,-0.00515724,0.0112134,0.00397464,0.0569365,
-0.0468446,0.0463373,0.0709627,-0.0190694,0.00883572,0.0148771,0.0571493,
-0.0457082,0.0485778,0.0736014,-0.0347231,0.00591081,0.029239,0.0575951,
-0.0404139,0.0588673,0.0746203,-0.0662979,0.00403484,0.060304,0.05697,
-0.0171721,0.106059,0.0669583,-0.170985,0.0113805,0.164988,0.0473075,
0.164094,0.501614,-0.0773723,-0.930585,0.147766,0.863042,-0.0876164,
-0.117078,0.546429,-0.124718,-0.554773,-0.0995339,0.077773,0.173254,
-1.5708,1.64061,3.14159,-2.49582,4.71239,2.0944,-6.28319,
1.5708,-1.64061,3.14159,-2.49582,-4.71239,2.0944,-6.28319,
0.00138967,-0.197488,0.108993,-0.326747,0.0179874,0.477675,0.216313,
0.0761304,-0.00522687,-0.273429,0.292492,-0.0716467,-0.443476,0.123505,
1.5708,1.64061,-3.14159,0.448676,4.71239,-2.0944,-6.28319,
1.32133,-0.731385,0.00364427,-2.49582,1.68383,-1.07265,3.37077,
0.947722,1.19348,-0.810321,-0.902435,-0.40396,1.23496,-0.729702,
1.5708,1.17175,1.96725,-0.993339,1.31255,0.0703984,0.481987,
-0.432605,1.64061,-1.18373,-0.484972,-3.40228,2.0944,-3.2808,
1.5708,1.64061,3.14159,2.49582,4.71239,-2.0944,6.28319,
0.779103,0.175619,-1.32818,-2.03632,-0.372261,-1.18732,-0.87151,
1.5708,1.64061,-1.05922,2.49582,4.71239,0.805767,4.42929,
-0.391614,1.64061,-0.223397,2.49582,0.162855,-2.0944,1.1789,
-1.5708,1.64061,3.14159,2.49582,4.71239,-2.0944,6.28319,
1.5708,1.00056,-3.14159,-2.49582,-4.71239,-2.0944,6.28319,
-0.392708,1.64061,3.14159,2.44123,-0.649711,-0.352599,-6.28319,
1.5708,-0.490788,2.55277,2.49582,-3.05314,-2.0944,-0.0226095,
1.5708,-1.64061,-1.25075,-2.49582,-2.7695,1.46363,3.78567,
1.5708,-1.64061,-3.14159,2.49582,-4.71239,0.0128623,-5.20089,
-1.5708,1.64061,-3.14159,2.49582,-4.71239,2.0944,-6.28319,
1.41287,-1.64061,-1.06895,-2.49582,0.551138,-2.0944,-4.73026,
0,0,0,0,0,0,0,
1.32404e-06,5.36789e-07,-1.17485e-06,-1.22708e-06,2.99729e-07,1.41923e-06,-9.39071e-07,
0.0755048,4.15113e-07,-0.100421,-1.28641e-06,0.0110063,1.57055e-06,-0.0708193,
0.075519,0.000360677,-0.100286,-0.0128605,0.0108798,0.00823037,-0.07032,
0.0740004,-0.00169483,-0.0980597,-0.0183484,0.0107042,0.0116683,-0.0681815,
0.0725412,-0.00359266,-0.0955881,-0.0234665,0.00998771,0.0147722,-0.0657006,
0.0709782,-0.00520261,-0.0926332,-0.0285653,0.0088477,0.0177539,-0.062557,
0.0695009,-0.00658385,-0.0894002,-0.0335824,0.00738584,0.020574,-0.0589323,
0.0682786,-0.00779125,-0.0860692,-0.0385637,0.0056795,0.0232683,-0.0550023,
0.0674215,-0.00889059,-0.0827513,-0.0435697,0.003781,0.0258828,-0.0509003,
0.066989,-0.00995018,-0.0794977,-0.0486666,0.00171935,0.0284642,-0.0467253,
0.00939125,-0.0140944,0.00656841,0.00488323,-0.0356176,-0.00138058,-0.0644448,
0.00172278,-0.0182199,0.015908,0.0185327,-0.0404318,-0.00823574,-0.0688775,
0.00301681,-0.019562,0.0136232,0.0199858,-0.0407999,-0.00852491,-0.0696093,
0.00411874,-0.0199457,0.011912,0.0198054,-0.0411217,-0.00778821,-0.0698179,
0.00505955,-0.0202918,0.0104183,0.0195853,-0.0414228,-0.00698036,-0.0700227,
0.00600227,-0.0206432,0.00895743,0.0192082,-0.0416971,-0.00604909,-0.0703262,
0.00693293,-0.0209898,0.00756334,0.0186655,-0.0419373,-0.00499791,-0.0707223,
0.00784003,-0.0213356,0.00626248,0.0179772,-0.0421346,-0.00384325,-0.0712108,
0.0087211,-0.0216845,0.00507235,0.0171573,-0.0422789,-0.00259541,-0.0717954,
0.00957681,-0.0220383,0.00400782,0.0162161,-0.0423582,-0.00126095,-0.0724807,
-0.0405658,0.0380467,0.0558176,0.00609443,0.00707012,-0.0027252,0.0426008,
-0.047525,0.0455057,0.0675137,-0.00515724,0.0112134,0.00397464,0.0569365,
-0.0468446,0.0463373,0.0709627,-0.0190694,0.00883572,0.0148771,0.0571493,
-0.0457082,0.0485778,0.0736014,-0.0347231,0.00591081,0.029239,0.0575951,
-0.0404139,0.0588673,0.0746203,-0.0662979,0.00403484,0.060304,0.05697,
-0.0171721,0.106059,0.0669583,-0.170985,0.0113805,0.164988,0.0473075,
0.164094,0.501614,-0.0773723,-0.930585,0.147766,0.863042,-0.0876164,
-0.117078,0.546429,-0.124718,-0.554773,-0.0995339,0.077773,0.173254,
-1.49226,1.55858,2.98451,-2.37103,4.47677,1.98968,-5.96903,
1.49226,-1.55858,2.98451,-2.06516,-0.924288,0.483124,-5.96903,
1.1276,-0.395243,0.254533,-2.37103,-0.231068,-1.98968,1.06264,
-1.49226,-1.55858,-2.98451,2.37103,4.47677,1.98968,-5.96903,
-1.49226,-1.55858,-0.723011,-1.01407,0.774536,-1.62764,4.66224,
-1.49226,-1.55858,-2.98451,-2.37103,4.47677,1.27015,2.2022,
1.49226,1.22123,-0.0241424,-1.48225,-3.1113,1.98968,-2.43622,
0.0992704,-1.55858,2.98451,-1.85243,4.47677,-1.98968,5.96903,
1.49226,1.55858,-2.98451,-2.37103,-1.77466,-0.512401,-5.74074,
-1.49226,-1.55858,-2.757,2.37103,3.13422,-1.98968,2.89248,
-1.49226,-1.55858,2.98451,2.37103,4.47677,1.98968,-5.96903,
1.49226,-0.741038,-0.449669,-2.34711,4.47677,1.98968,5.96903,
1.49226,1.55858,-0.946673,-0.818802,4.47677,-1.98968,-5.8428,
-1.49226,-0.196093,-2.57214,-2.37103,4.47677,-1.98968,5.92813,
-0.832612,0.344293,2.91962,2.37103,2.9657,1.98968,-3.91852,
-0.934993,-0.749647,-2.31193,0.347724,-1.15128,-1.98968,-2.36119,
1.4868,1.55858,2.98451,2.37103,-4.47677,-1.68257,1.28263,
-1.49226,1.55858,-2.98451,2.37103,-3.15086,-1.98968,-5.96903,
-1.49226,-1.55858,2.98451,-2.37103,-4.47677,1.98968,-5.96903,
1.49226,1.55858,-2.98451,-2.37103,-4.47677,-1.98968,5.96903,
-1.49226,1.55858,2.98451,2.37103,-4.47677,-1.98968,-5.96903,
0,0,0,0,0,0,0,
1.32404e-06,5.36789e-07,-1.17485e-06,-1.22708e-06,2.99729e-07,1.41923e-06,-9.39071e-07,
0.0755048,4.15113e-07,-0.100421,-1.28641e-06,0.0110063,1.57055e-06,-0.0708193,
0.075519,0.000360677,-0.100286,-0.0128605,0.0108798,0.00823037,-0.07032,
0.0740004,-0.00169483,-0.0980597,-0.0183484,0.0107042,0.0116683,-0.0681815,
0.0725412,-0.00359266,-0.0955881,-0.0234665,0.00998771,0.0147722,-0.0657006,
0.0709782,-0.00520261,-0.0926332,-0.0285653,0.0088477,0.0177539,-0.062557,
0.0695009,-0.00658385,-0.0894002,-0.0335824,0.00738584,0.020574,-0.0589323,
0.0682786,-0.00779125,-0.0860692,-0.0385637,0.0056795,0.0232683,-0.0550023,
0.0674215,-0.00889059,-0.0827513,-0.0435697,0.003781,0.0258828,-0.0509003,
0.066989,-0.00995018,-0.0794977,-0.0486666,0.00171935,0.0284642,-0.0467253,
0.00939125,-0.0140944,0.00656841,0.00488323,-0.0356176,-0.00138058,-0.0644448,
0.00172278,-0.0182199,0.015908,0.0185327,-0.0404318,-0.00823574,-0.0688775,
0.00301681,-0.019562,0.0136232,0.0199858,-0.0407999,-0.00852491,-0.0696093,
0.00411874,-0.0199457,0.011912,0.0198054,-0.0411217,-0.00778821,-0.0698179,
0.00505955,-0.0202918,0.0104183,0.0195853,-0.0414228,-0.00698036,-0.0700227,
0.00600227,-0.0206432,0.00895743,0.0192082,-0.0416971,-0.00604909,-0.0703262,
0.00693293,-0.0209898,0.00756334,0.0186655,-0.0419373,-0.00499791,-0.0707223,
0.00784003,-0.0213356,0.00626248,0.0179772,-0.0421346,-0.00384325,-0.0712108,
0.0087211,-0.0216845,0.00507235,0.0171573,-0.0422789,-0.00259541,-0.0717954,
0.00957681,-0.0220383,0.00400782,0.0162161,-0.0423582,-0.00126095,-0.0724807,
-0.0405658,0.0380467,0.0558176,0.00609443,0.00707012,-0.0027252,0.0426008,
-0.047525,0.0455057,0.0675137,-0.00515724,0.0112134,0.00397464,0.0569365,
-0.0468446,0.0463373,0.0709627,-0.0190694,0.00883572,0.0148771,0.0571493,
-0.0457082,0.0485778,0.0736014,-0.0347231,0.00591081,0.029239,0.0575951,
-0.0404139,0.0588673,0.0746203,-0.0662979,0.00403484,0.060304,0.05697,
-0.0171721,0.106059,0.0669583,-0.170985,0.0113805,0.164988,0.0473075,
0.164094,0.501614,-0.0773723,-0.930585,0.147766,0.863042,-0.0876164,
-0.117078,0.546429,-0.124718,-0.554773,-0.0995339,0.077773,0.173254,
-1.41372,1.47655,2.82743,-2.24624,4.24115,1.88496,-5.65487,
1.41372,-1.12023,2.82743,-2.24624,0.696493,-1.05237,-1.26405,
-1.41372,-0.587566,-2.23813,0.420233,-2.16146,-1.39151,2.53876,
1.41372,1.47655,2.82743,2.24624,3.94011,-1.88496,-2.6304,
-1.41372,1.47655,-0.843182,-2.24624,0.280869,1.68802,0.985655,
1.41372,1.47655,2.82743,-2.24624,4.24115,1.88496,-5.65487,
1.02716,-0.706872,0.443827,1.55784,0.45763,0.262942,-0.116451,
-1.23626,0.981357,-1.31816,-0.307581,-0.102371,-0.716073,0.104466,
-1.13319,1.47655,-0.592997,-2.24624,-1.71084,-0.489494,-3.11786,
-1.41372,-1.47655,-2.82743,1.65877,2.99387,1.30631,-4.18117,
-1.41372,-0.403663,2.82743,2.24624,-2.0795,-1.88496,4.1584,
0.551348,1.47655,2.82743,-0.359013,4.24115,1.88496,5.65487,
-1.41372,1.47655,2.82743,-0.693241,-4.24115,-1.44944,-4.03836,
0.736163,1.47655,2.23327,-1.94363,1.90165,1.19705,-1.54585,
-1.41372,1.47655,-2.82743,2.11421,-4.24115,-0.254384,-5.65487,
-1.22635,-0.207393,0.524873,-0.969241,0.430387,-1.48686,1.05538,
-1.41372,-0.904115,-0.375269,0.400069,-0.972012,-1.41465,-0.160765,
-1.0175,-1.47655,2.82743,2.24624,-3.96562,-1.42449,-1.67455,
-0.131348,-0.344389,-2.82743,1.68014,-3.53312,1.88496,0.853375,
-1.41372,1.47655,1.56522,-2.24624,0.744587,1.88496,0.738616,
1.41372,1.47655,2.47382,-2.24624,-4.24115,-1.88496,-5.65487,
0,0,0,0,0,0,0,
1.32404e-06,5.36789e-07,-1.17485e-06,-1.22708e-06,2.99729e-07,1.41923e-06,-9.39071e-07,
0.0755048,4.15113e-07,-0.100421,-1.28641e-06,0.0110063,1.57055e-06,-0.0708193,
0.075519,0.000360677,-0.100286,-0.0128605,0.0108798,0.00823037,-0.07032,
0.0740004,-0.00169483,-0.0980597,-0.0183484,0.0107042,0.0116683,-0.0681815,
0.0725412,-0.00359266,-0.0955881,-0.0234665,0.00998771,0.0147722,-0.0657006,
0.0709782,-0.00520261,-0.0926332,-0.0285653,0.0088477,0.0177539,-0.062557,
0.0695009,-0.00658385,-0.0894002,-0.0335824,0.00738584,0.020574,-0.0589323,
0.0682786,-0.00779125,-0.0860692,-0.0385637,0.0056795,0.0232683,-0.0550023,
0.0674215,-0.00889059,-0.0827513,-0.0435697,0.003781,0.0258828,-0.0509003,
0.066989,-0.00995018,-0.0794977,-0.0486666,0.00171935,0.0284642,-0.0467253,
0.00939125,-0.0140944,0.00656841,0.00488323,-0.0356176,-0.00138058,-0.0644448,
0.00172278,-0.0182199,0.015908,0.0185327,-0.0404318,-0.00823574,-0.0688775,
0.00301681,-0.019562,0.0136232,0.0199858,-0.0407999,-0.00852491,-0.0696093,
0.00411874,-0.0199457,0.011912,0.0198054,-0.0411217,-0.00778821,-0.0698179,
0.00505955,-0.0202918,0.0104183,0.0195853,-0.0414228,-0.00698036,-0.0700227,
0.00600227,-0.0206432,0.00895743,0.0192082,-0.0416971,-0.00604909,-0.0703262,
0.00693293,-0.0209898,0.00756334,0.0186655,-0.0419373,-0.00499791,-0.0707223,
0.00784003,-0.0213356,0.00626248,0.0179772,-0.0421346,-0.00384325,-0.0712108,
0.0087211,-0.0216845,0.00507235,0.0171573,-0.0422789,-0.00259541,-0.0717954,
0.00957681,-0.0220383,0.00400782,0.0162161,-0.0423582,-0.00126095,-0.0724807,
-0.0405658,0.0380467,0.0558176,0.00609443,0.00707012,-0.0027252,0.0426008,
-0.047525,0.0455057,0.0675137,-0.00515724,0.0112134,0.00397464,0.0569365,
-0.0468446,0.0463373,0.0709627,-0.0190694,0.00883572,0.0148771,0.0571493,
-0.0457082,0.0485778,0.0736014,-0.0347231,0.00591081,0.029239,0.0575951,
-0.0404139,0.0588673,0.0746203,-0.0662979,0.00403484,0.060304,0.05697,
-0.0171721,0.106059,0.0669583,-0.170985,0.0113805,0.164988,0.0473075,
0.164094,0.501614,-0.0773723,-0.930585,0.147766,0.863042,-0.0876164,
-0.117078,0.546429,-0.124718,-0.554773,-0.0995339,0.077773,0.173254,
-1.33518,1.39452,2.67035,-2.12145,4.00553,1.78024,-5.34071,
0.867114,-0.952043,1.22053,-2.12145,0.231041,-1.65576,0.42871,
0.472514,1.39452,-0.873446,2.12145,0.160723,0.0911601,-0.163171,
-1.33518,1.39452,-2.67035,0.754695,-1.38638,0.0289771,-4.67302,
-0.717309,-1.39452,-2.67035,2.12145,1.85097,1.78024,-1.762,
1.33518,-1.39452,2.67035,-2.12145,4.00553,-0.527373,5.34071,
1.33518,-0.193343,-2.67035,-2.12145,-1.50427,-1.78024,1.60958,
-1.33518,1.39452,-2.67035,2.12145,-4.00553,1.78024,-1.21639,
-1.33518,0.368371,-0.729872,-2.12145,0.0698793,-1.78024,-0.409511,
1.33518,-1.39452,-2.67035,-2.12145,-4.00553,-1.78024,5.34071,
1.33518,1.39452,-1.90588,2.12145,4.00553,-1.78024,-5.34071,
-1.33518,0.85571,-2.67035,-1.80038,-1.17106,-1.78024,1.02498,
-1.33518,-1.39452,-2.67035,2.12145,-4.00553,1.78024,-5.34071,
1.33518,-1.39452,2.67035,-2.12145,2.81117,1.78024,-5.34071,
0.0755031,-1.39452,2.67035,2.12145,-4.00553,-0.859503,5.34071,
1.33518,1.39452,0.0494463,2.12145,4.00553,-1.78024,5.34071,
-1.33518,1.39452,2.67035,-0.0705695,-1.19261,-0.102028,-1.04163,
1.33518,1.39452,2.67035,2.12145,-2.03315,-0.543593,0.9065,
-1.33518,0.826891,-2.49745,-2.12145,-4.00553,0.58061,-4.59011,
1.15045,-1.39452,-2.58558,-2.12145,3.51986,1.78024,-1.61047,
-1.33518,1.39452,-2.67035,2.12145,-4.00553,-1.78024,5.34071,
0,0,0,0,0,0,0,
1.32404e-06,5.36789e-07,-1.17485e-06,-1.22708e-06,2.99729e-07,1.41923e-06,-9.39071e-07,
0.0755048,4.15113e-07,-0.100421,-1.28641e-06,0.0110063,1.57055e-06,-0.0708193,
0.075519,0.000360677,-0.100286,-0.0128605,0.0108798,0.00823037,-0.07032,
0.0740004,-0.00169483,-0.0980597,-0.0183484,0.0107042,0.0116683,-0.0681815,
0.0725412,-0.00359266,-0.0955881,-0.0234665,0.00998771,0.0147722,-0.0657006,
0.0709782,-0.00520261,-0.0926332,-0.0285653,0.0088477,0.0177539,-0.062557,
0.0695009,-0.00658385,-0.0894002,-0.0335824,0.00738584,0.020574,-0.0589323,
0.0682786,-0.00779125,-0.0860692,-0.0385637,0.0056795,0.0232683,-0.0550023,
0.0674215,-0.00889059,-0.0827513,-0.0435697,0.003781,0.0258828,-0.0509003,
0.066989,-0.00995018,-0.0794977,-0.0486666,0.00171935,0.0284642,-0.0467253,
0.00939125,-0.0140944,0.00656841,0.00488323,-0.0356176,-0.00138058,-0.0644448,
0.00172278,-0.0182199,0.015908,0.0185327,-0.0404318,-0.00823574,-0.0688775,
0.00301681,-0.019562,0.0136232,0.0199858,-0.0407999,-0.00852491,-0.0696093,
0.00411874,-0.0199457,0.011912,0.0198054,-0.0411217,-0.00778821,-0.0698179,
0.00505955,-0.0202918,0.0104183,0.0195853,-0.0414228,-0.00698036,-0.0700227,
0.00600227,-0.0206432,0.00895743,0.0192082,-0.0416971,-0.00604909,-0.0703262,
0.00693293,-0.0209898,0.00756334,0.0186655,-0.0419373,-0.00499791,-0.0707223,
0.00784003,-0.0213356,0.00626248,0.0179772,-0.0421346,-0.00384325,-0.0712108,
0.0087211,-0.0216845,0.00507235,0.0171573,-0.0422789,-0.00259541,-0.0717954,
0.00957681,-0.0220383,0.00400782,0.0162161,-0.0423582,-0.00126095,-0.0724807,
-0.0405658,0.0380467,0.0558176,0.00609443,0.00707012,-0.0027252,0.0426008,
-0.047525,0.0455057,0.0675137,-0.00515724,0.0112134,0.00397464,0.0569365,
-0.0468446,0.0463373,0.0709627,-0.0190694,0.00883572,0.0148771,0.0571493,
-0.0457082,0.0485778,0.0736014,-0.0347231,0.00591081,0.029239,0.0575951,
-0.0404139,0.0588673,0.0746203,-0.0662979,0.00403484,0.060304,0.05697,
-0.0171721,0.106059,0.0669583,-0.170985,0.0113805,0.164988,0.0473075,
0.164094,0.501614,-0.0773723,-0.930585,0.147766,0.863042,-0.0876164,
-0.117078,0.546429,-0.124718,-0.554773,-0.0995339,0.077773,0.173254,
-1.25664,1.31249,2.51327,-1.99666,3.76991,1.67552,-5.02655,
-0.0880177,-1.15011,-0.242995,-1.70336,-0.321646,-1.34694,0.830603,
1.25664,-0.686363,-2.51327,-1.53455,-0.0471958,1.41361,0.473112,
1.25664,-1.31249,2.51327,1.99666,3.76991,1.67552,5.02655,
1.25664,1.31249,2.51327,1.99666,3.76991,1.67552,-5.02655,
-1.25664,-1.31249,-2.51327,1.99666,3.76991,1.67552,5.02655,
-1.25664,-1.17136,0.730135,-1.99666,0.522201,-0.0765211,0.583507,
0.761112,1.31249,0.0697984,1.99666,-0.545151,1.57006,-2.16903,
1.25664,1.31249,2.51327,1.99666,3.76991,-1.50879,5.02655,
1.25664,-1.31249,2.51327,-1.99666,3.76991,1.67552,5.02655,
-1.25664,1.31249,1.54631,-1.99666,3.43705,-1.67552,0.058741,
0.913275,1.31249,0.598535,1.99666,-0.384941,0.106796,-1.61089,
-0.155863,-0.77479,0.210562,-1.99666,-0.339752,1.67552,-1.12259,
1.25664,-0.0416875,0.775119,-0.982453,2.8702,0.1824,2.52739,
-1.25664,-1.31249,2.51327,-1.99666,3.11362,1.67552,5.02655,
-1.25664,1.21489,2.51327,-1.69023,3.76991,-1.67552,-4.20459,
1.25664,-1.31249,-1.01206,-1.99666,-1.02678,-1.67552,-5.02655,
1.25664,1.23615,-2.34978,1.35984,-0.342775,-0.858953,0.683733,
0.321059,-1.14944,-0.181759,1.49074,-0.00859694,0.262177,-1.08725,
-0.147005,-0.0327968,0.0376927,0.776851,-0.136149,0.0991929,-0.880458,
0.108344,0.467201,0.0535457,-0.301793,0.0637039,-0.0997594,-0.268916,
0,0,0,0,0,0,0,
1.32404e-06,5.36789e-07,-1.17485e-06,-1.22708e-06,2.99729e-07,1.41923e-06,-9.39071e-07,
0.0755048,4.15113e-07,-0.100421,-1.28641e-06,0.0110063,1.57055e-06,-0.0708193,
0.075519,0.000360677,-0.100286,-0.0128605,0.0108798,0.00823037,-0.07032,
0.0740004,-0.00169483,-0.0980597,-0.0183484,0.0107042,0.0116683,-0.0681815,
0.0725412,-0.00359266,-0.0955881,-0.0234665,0.00998771,0.0147722,-0.0657006,
0.0709782,-0.00520261,-0.0926332,-0.0285653,0.0088477,0.0177539,-0.062557,
0.0695009,-0.00658385,-0.0894002,-0.0335824,0.00738584,0.020574,-0.0589323,
0.0682786,-0.00779125,-0.0860692,-0.0385637,0.0056795,0.0232683,-0.0550023,
0.0674215,-0.00889059,-0.0827513,-0.0435697,0.003781,0.0258828,-0.0509003,
0.066989,-0.00995018,-0.0794977,-0.0486666,0.00171935,0.0284642,-0.0467253,
0.00939125,-0.0140944,0.00656841,0.00488323,-0.0356176,-0.00138058,-0.0644448,
0.00172278,-0.0182199,0.015908,0.0185327,-0.0404318,-0.00823574,-0.0688775,
0.00301681,-0.019562,0.0136232,0.0199858,-0.0407999,-0.00852491,-0.0696093,
0.00411874,-0.0199457,0.011912,0.0198054,-0.0411217,-0.00778821,-0.0698179,
0.00505955,-0.0202918,0.0104183,0.0195853,-0.0414228,-0.00698036,-0.0700227,
0.00600227,-0.0206432,0.00895743,0.0192082,-0.0416971,-0.00604909,-0.0703262,
0.00693293,-0.0209898,0.00756334,0.0186655,-0.0419373,-0.00499791,-0.0707223,
0.00784003,-0.0213356,0.00626248,0.0179772,-0.0421346,-0.00384325,-0.0712108,
0.0087211,-0.0216845,0.00507235,0.0171573,-0.0422789,-0.00259541,-0.0717954,
0.00957681,-0.0220383,0.00400782,0.0162161,-0.0423582,-0.00126095,-0.0724807,
-0.0405658,0.0380467,0.0558176,0.00609443,0.00707012,-0.0027252,0.0426008,
-0.047525,0.0455057,0.0675137,-0.00515724,0.0112134,0.00397464,0.0569365,
-0.0468446,0.0463373,0.0709627,-0.0190694,0.00883572,0.0148771,0.0571493,
-0.0457082,0.0485778,0.0736014,-0.0347231,0.00591081,0.029239,0.0575951,
-0.0404139,0.0588673,0.0746203,-0.0662979,0.00403484,0.060304,0.05697,
-0.0171721,0.106059,0.0669583,-0.170985,0.0113805,0.164988,0.0473075,
0.164094,0.501614,-0.0773723,-0.930585,0.147766,0.863042,-0.0876164,
-0.117078,0.546429,-0.124718,-0.554773,-0.0995339,0.077773,0.173254,
-1.1781,1.23046,2.35619,-1.87187,3.53429,1.5708,-4.71239,
-0.310473,-1.23046,-0.609347,-0.587835,-0.481191,-0.461172,0.732295,
1.1781,-0.863687,-2.35619,1.17408,-2.28158,0.687198,0.27626,
-0.173067,-1.23046,-0.774698,1.87187,3.53429,-1.5708,1.18457,
-1.1781,-1.23046,2.35619,1.87187,3.53429,1.5708,4.71239,
-1.1781,-1.23046,0.0164188,-0.406065,-3.53429,1.5708,-4.71239,
0.215635,0.906475,-1.95346,-1.4606,-0.587197,-1.5708,0.368128,
1.1781,1.23046,-2.35619,-1.87187,3.53429,-1.5708,-4.71239,
-1.1781,1.23046,2.35619,0.6921,1.9704,1.5708,-1.02111,
-1.1781,1.23046,1.73602,1.87187,1.17384,1.5708,1.03448,
1.1781,1.23046,-0.330921,-1.87187,-3.53429,-1.5708,4.71239,
1.1781,1.23046,2.35619,-1.87187,-3.53429,1.5708,-4.71239,
-1.1781,-1.23046,2.35619,1.20977,3.53429,1.5708,-4.71239,
-0.0404142,-0.763117,0.814904,-1.87187,-0.26907,1.5708,0.487775,
-1.1781,1.23046,2.35619,-1.82478,-0.0342578,-1.5708,4.71239,
-0.471707,1.23046,2.30654,1.87187,-3.53429,-1.5708,-4.71239,
-1.1781,1.23046,-2.35619,1.87187,3.53429,-1.5708,-4.71239,
1.1781,-1.23046,0.847476,1.87187,-2.08589,-1.5708,-0.562293,
1.1781,1.23046,2.35619,1.87187,-2.43217,1.5708,3.51677,
-0.65018,1.23046,2.16038,1.57326,3.53429,0.103403,1.97885,
-0.407532,-1.23046,-2.35619,0.842197,-0.0228062,1.5708,4.71239,
0,0,0,0,0,0,0,
1.32404e-06,5.36789e-07,-1.17485e-06,-1.22708e-06,2.99729e-07,1.41923e-06,-9.39071e-07,
0.0755048,4.15113e-07,-0.100421,-1.28641e-06,0.0110063,1.57055e-06,-0.0708193,
0.075519,0.000360677,-0.100286,-0.0128605,0.0108798,0.00823037,-0.07032,
0.0740004,-0.00169483,-0.0980597,-0.0183484,0.0107042,0.0116683,-0.0681815,
0.0725412,-0.00359266,-0.0955881,-0.0234665,0.00998771,0.0147722,-0.0657006,
0.0709782,-0.00520261,-0.0926332,-0.0285653,0.0088477,0.0177539,-0.062557,
0.0695009,-0.00658385,-0.0894002,-0.0335824,0.00738584,0.020574,-0.0589323,
0.0682786,-0.00779125,-0.0860692,-0.0385637,0.0056795,0.0232683,-0.0550023,
0.0674215,-0.00889059,-0.0827513,-0.0435697,0.003781,0.0258828,-0.0509003,
0.066989,-0.00995018,-0.0794977,-0.0486666,0.00171935,0.0284642,-0.0467253,
0.00939125,-0.0140944,0.00656841,0.00488323,-0.0356176,-0.00138058,-0.0644448,
0.00172278,-0.0182199,0.015908,0.0185327,-0.0404318,-0.00823574,-0.0688775,
0.00301681,-0.019562,0.0136232,0.0199858,-0.0407999,-0.00852491,-0.0696093,
0.00411874,-0.0199457,0.011912,0.0198054,-0.0411217,-0.00778821,-0.0698179,
0.00505955,-0.0202918,0.0104183,0.0195853,-0.0414228,-0.00698036,-0.0700227,
0.00600227,-0.0206432,0.00895743,0.0192082,-0.0416971,-0.00604909,-0.0703262,
0.00693293,-0.0209898,0.00756334,0.0186655,-0.0419373,-0.00499791,-0.0707223,
0.00784003,-0.0213356,0.00626248,0.0179772,-0.0421346,-0.00384325,-0.0712108,
0.0087211,-0.0216845,0.00507235,0.0171573,-0.0422789,-0.00259541,-0.0717954,
0.00957681,-0.0220383,0.00400782,0.0162161,-0.0423582,-0.00126095,-0.0724807,
-0.0405658,0.0380467,0.0558176,0.00609443,0.00707012,-0.0027252,0.0426008,
-0.047525,0.0455057,0.0675137,-0.00515724,0.0112134,0.00397464,0.0569365,
-0.0468446,0.0463373,0.0709627,-0.0190694,0.00883572,0.0148771,0.0571493,
-0.0457082,0.0485778,0.0736014,-0.0347231,0.00591081,0.029239,0.0575951,
-0.0404139,0.0588673,0.0746203,-0.0662979,0.00403484,0.060304,0.05697,
-0.0171721,0.106059,0.0669583,-0.170985,0.0113805,0.164988,0.0473075,
0.164094,0.501614,-0.0773723,-0.930585,0.147766,0.863042,-0.0876164,
-0.117078,0.546429,-0.124718,-0.554773,-0.0995339,0.077773,0.173254,
-1.09956,1.14843,2.19911,-1.74707,3.29867,1.46608,-4.39823,
0.145553,-1.14843,-0.122716,0.303598,-0.381194,0.768791,0.490724,
0.248923,-0.021808,-0.146596,-0.146984,0.147302,-0.320791,-0.458661,
-1.09956,0.291432,2.19911,1.03497,0.416234,-0.0998763,-0.385447,
-1.09956,-1.14843,0.956114,-1.74707,1.16192,-1.46608,-0.148644,
0.536349,0.0373309,-2.19911,-1.19258,-3.29867,1.46608,-1.60265,
-1.09956,-1.14843,2.19911,-1.74707,3.29867,-1.46608,4.39823,
1.09956,1.14843,2.19911,-1.74707,3.29867,1.46608,1.18473,
1.09956,-1.14843,2.19911,1.74707,3.29867,1.46608,4.39823,
-1.09956,0.0452464,-0.949242,-1.22649,-0.524811,-1.46608,0.18745,
-1.09956,-1.14843,2.19911,-1.74707,3.29867,-1.46608,4.39823,
-1.09956,-1.14843,1.81255,-1.58342,1.79553,1.46608,-0.738854,
1.09956,-1.14843,2.19911,1.74089,0.440698,-1.46608,1.24223,
0.957346,-1.14843,-1.16238,-0.270404,-1.78654,1.05183,-1.0314,
-1.09956,1.14843,2.19911,1.74707,3.29867,-1.46608,4.39823,
-1.09956,1.14843,2.19911,1.74707,3.29867,-1.46608,4.39823,
1.09956,-1.14843,2.19911,-0.18668,-3.29867,-1.46608,4.0635,
1.09956,1.14843,2.19911,1.74707,3.29867,1.46608,-4.39823,
-1.09956,-1.14843,-2.19911,-1.74707,3.29867,1.46608,-4.39823,
1.09956,1.14843,-0.379981,-1.74707,-0.223105,1.13473,-2.0865,
0.43237,-1.14843,2.19911,1.74707,3.29867,-1.46608,4.39823,
0,0,0,0,0,0,0,
1.32404e-06,5.36789e-07,-1.17485e-06,-1.22708e-06,2.99729e-07,1.41923e-06,-9.39071e-07,
0.0755048,4.15113e-07,-0.100421,-1.28641e-06,0.0110063,1.57055e-06,-0.0708193,
0.075519,0.000360677,-0.100286,-0.0128605,0.0108798,0.00823037,-0.07032,
0.0740004,-0.00169483,-0.0980597,-0.0183484,0.0107042,0.0116683,-0.0681815,
0.0725412,-0.00359266,-0.0955881,-0.0234665,0.00998771,0.0147722,-0.0657006,
0.0709782,-0.00520261,-0.0926332,-0.0285653,0.0088477,0.0177539,-0.062557,
0.0695009,-0.00658385,-0.0894002,-0.0335824,0.00738584,0.020574,-0.0589323,
0.0682786,-0.00779125,-0.0860692,-0.0385637,0.0056795,0.0232683,-0.0550023,
0.0674215,-0.00889059,-0.0827513,-0.0435697,0.003781,0.0258828,-0.0509003,
0.066989,-0.00995018,-0.0794977,-0.0486666,0.00171935,0.0284642,-0.0467253,
0.00939125,-0.0140944,0.00656841,0.00488323,-0.0356176,-0.00138058,-0.0644448,
0.00172278,-0.0182199,0.015908,0.0185327,-0.0404318,-0.00823574,-0.0688775,
0.00301681,-0.019562,0.0136232,0.0199858,-0.0407999,-0.00852491,-0.0696093,
0.00411874,-0.0199457,0.011912,0.0198054,-0.0411217,-0.00778821,-0.0698179,
0.00505955,-0.0202918,0.0104183,0.0195853,-0.0414228,-0.00698036,-0.0700227,
0.00600227,-0.0206432,0.00895743,0.0192082,-0.0416971,-0.00604909,-0.0703262,
0.00693293,-0.0209898,0.00756334,0.0186655,-0.0419373,-0.00499791,-0.0707223,
0.00784003,-0.0213356,0.00626248,0.0179772,-0.0421346,-0.00384325,-0.0712108,
0.0087211,-0.0216845,0.00507235,0.0171573,-0.0422789,-0.00259541,-0.0717954,
0.00957681,-0.0220383,0.00400782,0.0162161,-0.0423582,-0.00126095,-0.0724807,
-0.0405658,0.0380467,0.0558176,0.00609443,0.00707012,-0.0027252,0.0426008,
-0.047525,0.0455057,0.0675137,-0.00515724,0.0112134,0.00397464,0.0569365,
-0.0468446,0.0463373,0.0709627,-0.0190694,0.00883572,0.0148771,0.0571493,
-0.0457082,0.0485778,0.0736014,-0.0347231,0.00591081,0.029239,0.0575951,
-0.0404139,0.0588673,0.0746203,-0.0662979,0.00403484,0.060304,0.05697,
-0.0171721,0.106059,0.0669583,-0.170985,0.0113805,0.164988,0.0473075,
0.164094,0.501614,-0.0773723,-0.930585,0.147766,0.863042,-0.0876164,
-0.117078,0.546429,-0.124718,-0.554773,-0.0995339,0.077773,0.173254,
-1.02102,1.0664,2.04204,-1.62228,3.06305,1.36136,-4.08407,
1.02102,-1.0664,1.09132,0.402783,-0.333382,1.36136,0.129093,
-1.02102,1.0664,0.444066,1.62228,2.07901,-1.36136,4.08407,
-1.02102,-1.0664,-2.04204,-1.62228,-3.06305,-1.36136,-4.08407,
0.0384326,0.463385,0.614348,-1.62228,0.3691,0.858922,1.56641,
-1.02102,1.0664,-2.04204,1.62228,-0.36479,-1.36136,4.08407,
0.500343,-1.0664,1.50549,1.62228,2.30406,1.36136,-4.08407,
1.02102,1.0664,-2.04204,-1.62228,-3.06305,-1.36136,-4.08407,
1.02102,-1.0664,0.32572,1.10753,0.332955,0.792743,0.57812,
1.02102,-1.0664,-2.04204,1.62228,-3.06305,-1.36136,-4.08407,
-1.02102,1.0664,-1.57556,-0.279838,-0.643629,-1.36136,0.331126,
1.02102,1.0664,-2.04204,-1.62228,-1.97756,-1.36136,-0.787843,
1.02102,-1.0664,2.04204,1.62228,2.52602,0.259029,4.08407,
1.02102,0.645078,-1.61492,0.222286,-0.763653,-0.627211,-0.264981,
1.02102,1.0664,-0.0844053,-1.29749,0.103831,-0.724687,0.317141,
1.02102,1.0664,-2.04204,-1.62228,3.06305,-1.36136,-4.08407,
1.02102,-1.0664,2.04204,-1.62228,3.06305,-0.926899,3.17272,
1.02102,1.0664,2.04204,-1.62228,-3.06305,1.36136,4.08407,
-1.02102,-0.814576,-2.04204,-1.62228,0.245939,1.30377,-1.15117,
-1.02102,-1.0664,2.04204,1.62228,-3.06305,-1.36136,4.08407,
1.02102,-1.0664,2.0368,-1.62228,3.06305,1.36136,-3.24726,
0,0,0,0,0,0,0,
1.32404e-06,5.36789e-07,-1.17485e-06,-1.22708e-06,2.99729e-07,1.41923e-06,-9.39071e-07,
0.0755048,4.15113e-07,-0.100421,-1.28641e-06,0.0110063,1.57055e-06,-0.0708193,
0.075519,0.000360677,-0.100286,-0.0128605,0.0108798,0.00823037,-0.07032,
0.0740004,-0.00169483,-0.0980597,-0.0183484,0.0107042,0.0116683,-0.0681815,
0.0725412,-0.00359266,-0.0955881,-0.0234665,0.00998771,0.0147722,-0.0657006,
0.0709782,-0.00520261,-0.0926332,-0.0285653,0.0088477,0.0177539,-0.062557,
0.0695009,-0.00658385,-0.0894002,-0.0335824,0.00738584,0.020574,-0.0589323,
0.0682786,-0.00779125,-0.0860692,-0.0385637,0.0056795,0.0232683,-0.0550023,
0.0674215,-0.00889059,-0.0827513,-0.0435697,0.003781,0.0258828,-0.0509003,
0.066989,-0.00995018,-0.0794977,-0.0486666,0.00171935,0.0284642,-0.0467253,
0.00939125,-0.0140944,0.00656841,0.00488323,-0.0356176,-0.00138058,-0.0644448,
0.00172278,-0.0182199,0.015908,0.0185327,-0.0404318,-0.00823574,-0.0688775,
0.00301681,-0.019562,0.0136232,0.0199858,-0.0407999,-0.00852491,-0.0696093,
0.00411874,-0.0199457,0.011912,0.0198054,-0.0411217,-0.00778821,-0.0698179,
0.00505955,-0.0202918,0.0104183,0.0195853,-0.0414228,-0.00698036,-0.0700227,
0.00600227,-0.0206432,0.00895743,0.0192082,-0.0416971,-0.00604909,-0.0703262,
0.00693293,-0.0209898,0.00756334,0.0186655,-0.0419373,-0.00499791,-0.0707223,
0.00784003,-0.0213356,0.00626248,0.0179772,-0.0421346,-0.00384325,-0.0712108,
0.0087211,-0.0216845,0.00507235,0.0171573,-0.0422789,-0.00259541,-0.0717954,
0.00957681,-0.0220383,0.00400782,0.0162161,-0.0423582,-0.00126095,-0.0724807,
-0.0405658,0.0380467,0.0558176,0.00609443,0.00707012,-0.0027252,0.0426008,
-0.047525,0.0455057,0.0675137,-0.00515724,0.0112134,0.00397464,0.0569365,
-0.0468446,0.0463373,0.0709627,-0.0190694,0.00883572,0.0148771,0.0571493,
-0.0457082,0.0485778,0.0736014,-0.0347231,0.00591081,0.029239,0.0575951,
-0.0404139,0.0588673,0.0746203,-0.0662979,0.00403484,0.060304,0.05697,
-0.0171721,0.106059,0.0669583,-0.170985,0.0113805,0.164988,0.0473075,
0.164094,0.501614,-0.0773723,-0.930585,0.147766,0.863042,-0.0876164,
-0.117078,0.546429,-0.124718,-0.554773,-0.0995339,0.077773,0.173254,
-0.942478,0.984366,1.88496,-1.49749,2.82743,1.25664,-3.76991,
0.942478,-0.984366,1.88496,-1.49749,-0.943356,1.25664,-0.531102,
0.942478,0.984366,-1.88496,1.49749,-2.82743,-1.25664,-3.76991,
0.942478,-0.884206,1.54994,0.459614,0.18783,-0.742168,1.29536,
0.942478,-0.984366,-1.11181,-1.49749,-2.82743,1.25664,-3.76991,
0.942478,0.984366,-1.41225,-1.49749,-1.19585,-1.25664,-2.19039,
-0.942478,-0.984366,-1.88496,0.823536,-1.15362,0.751954,2.08511,
0.942478,0.984366,-1.67082,1.03882,2.82743,-1.25664,-3.76991,
0.942478,0.984366,1.88496,-1.49749,2.82743,-1.25664,3.28492,
-0.942478,-0.984366,-1.88496,-1.22181,-2.22203,-0.975079,-2.9847,
-0.942478,0.984366,1.88496,1.49749,-1.69798,1.25664,-1.06405,
0.942478,-0.984366,-1.88496,-1.49749,-2.82743,-1.25664,3.76991,
0.942478,0.984366,-1.88496,-1.49749,-2.82743,1.25664,3.76991,
-0.942478,-0.984366,1.88496,1.49749,2.82743,1.25664,-3.76991,
0.160256,-0.784712,-0.427605,-1.49749,-0.34925,1.15969,-2.90866,
0.942478,0.984366,-1.88496,1.49749,-2.82743,-1.25664,-3.76991,
0.942478,0.984366,-1.88496,-1.49749,-2.82743,1.25664,3.76991,
0.942478,0.984366,1.88496,1.49749,-2.82743,-1.25664,-3.76991,
0.453688,-0.984366,1.88496,1.49749,-1.07995,1.25664,-2.74398,
-0.942478,-0.984366,1.88496,-1.49749,2.82743,1.25664,3.76991,
-0.942478,-0.511248,1.88496,-1.49749,0.232147,-1.25664,-1.00454,
