RPY {-1.5708, -4.87609e-20, -1.57},RPY {-1.5708, -4.87609e-20, -1.57},RPY {-1.5708, 4.55164e-08, -1.57},
RPY {-1.5708, -4.87609e-20, -1.57},RPY {-1.5708, -4.87609e-20, -1.57},RPY {-1.5708, 4.55164e-08, -1.57},
RPY {-1.5708, -4.87609e-20, -1.57},RPY {-1.5708, -4.87609e-20, -1.57},RPY {-1.5708, 4.55164e-08, -1.57},
RPY {-1.5708, -4.87609e-20, -1.57},RPY {-1.5708, -4.87609e-20, -1.57},RPY {-1.5708, 4.55164e-08, -1.57},
RPY {-1.5708, -4.87609e-20, -1.57},RPY {-1.5708, -4.87609e-20, -1.57},RPY {-1.5708, 4.55164e-08, -1.57},
RPY {-1.5708, -4.87609e-20, -1.57},RPY {-1.5708, -4.87609e-20, -1.57},RPY {-1.5708, 4.55164e-08, -1.57},
RPY {-1.5708, -4.87609e-20, -1.57},RPY {-1.5708, -4.87609e-20, -1.57},RPY {-1.5708, 4.55164e-08, -1.57},
RPY {-1.5708, -4.87609e-20, -1.57},RPY {-1.5708, -4.87609e-20, -1.57},RPY {-1.5708, 4.55164e-08, -1.57},
RPY {-1.5708, -4.87609e-20, -1.57},RPY {-1.5708, -4.87609e-20, -1.57},RPY {-1.5708, 4.55164e-08, -1.57},
RPY {-1.5708, -4.87609e-20, -1.57},RPY {-1.5708, -4.87609e-20, -1.57},RPY {-1.5708, 4.55164e-08, -1.57},
RPY {-1.5708, -4.87609e-20, -1.57},RPY {-1.5708, -4.87609e-20, -1.57},RPY {-1.5708, 4.55164e-08, -1.57},
RPY {-1.5708, -4.87609e-20, -1.57},RPY {-1.5708, -4.87609e-20, -1.57},RPY {-1.5708, 4.55164e-08, -1.57},
RPY {-1.5708, -4.87609e-20, -1.57},RPY {-1.5708, -4.87609e-20, -1.57},RPY {-1.5708, 4.55164e-08, -1.57},
RPY {-1.5708, -4.87609e-20, -1.57},RPY {-1.5708, -4.87609e-20, -1.57},RPY {-1.5708, 4.55164e-08, -1.57},
RPY {-1.5708, -4.87609e-20, -1.57},RPY {-1.5708, -4.87609e-20, -1.57},RPY {-1.5708, 4.55164e-08, -1.57},
RPY {-1.5708, -4.87609e-20, -1.57},RPY {-1.5708, -4.87609e-20, -1.57},RPY {-1.5708, 4.55164e-08, -1.57},
RPY {-1.5708, -4.87609e-20, -1.57},RPY {-1.5708, -4.87609e-20, -1.57},RPY {-1.5708, 4.55164e-08, -1.57},
RPY {-1.5708, -4.87609e-20, -1.57},RPY {-1.5708, -4.87609e-20, -1.57},RPY {-1.5708, 4.55164e-08, -1.57},
RPY {-1.5708, -4.87609e-20, -1.57},RPY {-1.5708, -4.87609e-20, -1.57},RPY {-1.5708, 4.55164e-08, -1.57},
RPY {-1.5708, -4.87609e-20, -1.57},RPY {-1.5708, -4.87609e-20, -1.57},RPY {-1.5708, 4.55164e-08, -1.57},
RPY {-1.5708, -4.87609e-20, -1.57},RPY {-1.5708, -4.87609e-20, -1.57},RPY {-1.5708, 4.55164e-08, -1.57},
RPY {-1.5708, -4.87609e-20, -1.57},RPY {-1.5708, -4.87609e-20, -1.57},RPY {-1.5708, 4.55164e-08, -1.57},
RPY {-1.5708, -4.87609e-20, -1.57},RPY {-1.5708, -4.87609e-20, -1.57},RPY {-1.5708, 4.55164e-08, -1.57},
RPY {-1.5708, -4.87609e-20, -1.57},RPY {-1.5708, -4.87609e-20, -1.57},RPY {-1.5708, 4.55164e-08, -1.57},
RPY {-1.5708, -4.87609e-20, -1.57},RPY {-1.5708, -4.87609e-20, -1.57},RPY {-1.5708, 4.55164e-08, -1.57},
RPY {-1.5708, -4.87609e-20, -1.57},RPY {-1.5708, -4.87609e-20, -1.57},RPY {-1.5708, 4.55164e-08, -1.57},
RPY {-1.5708, -4.87609e-20, -1.57},RPY {-1.5708, -4.87609e-20, -1.57},RPY {-1.5708, 4.55164e-08, -1.57},
RPY {-1.5708, -4.87609e-20, -1.57},RPY {-1.5708, -4.87609e-20, -1.57},RPY {-1.5708, 4.55164e-08, -1.57},
RPY {-1.5708, -4.87609e-20, -1.57},RPY {-1.5708, -4.87609e-20, -1.57},RPY {-1.5708, 4.55164e-08, -1.57},
RPY {-1.5708, -4.87609e-20, -1.57},RPY {-1.5708, -4.87609e-20, -1.57},RPY {-1.5708, 4.55164e-08, -1.57},
RPY {-1.5708, -4.87609e-20, -1.57},RPY {-1.5708, -4.87609e-20, -1.57},RPY {-1.5708, 4.55164e-08, -1.57},
RPY {-1.5708, -4.87609e-20, -1.57},RPY {-1.5708, -4.87609e-20, -1.57},RPY {-1.5708, 4.55164e-08, -1.57},
RPY {-1.5708, -4.87609e-20, -1.57},RPY {-1.5708, -4.87609e-20, -1.57},RPY {-1.5708, 4.55164e-08, -1.57},
RPY {-1.5708, -4.87609e-20, -1.57},RPY {-1.5708, -4.87609e-20, -1.57},RPY {-1.5708, 4.55164e-08, -1.57},
RPY {-1.5708, -4.87609e-20, -1.57},RPY {-1.5708, -4.87609e-20, -1.57},RPY {-1.5708, 4.55164e-08, -1.57},
RPY {-1.5708, -4.87609e-20, -1.57},RPY {-1.5708, -4.87609e-20, -1.57},RPY {-1.5708, 4.55164e-08, -1.57},
RPY {-1.5708, -4.87609e-20, -1.57},RPY {-1.5708, -4.87609e-20, -1.57},RPY {-1.5708, 4.55164e-08, -1.57},
RPY {-1.5708, -4.87609e-20, -1.57},RPY {-1.5708, -4.87609e-20, -1.57},RPY {-1.5708, 4.55164e-08, -1.57},
RPY {-1.5708, -4.87609e-20, -1.57},RPY {-1.5708, -4.87609e-20, -1.57},RPY {-1.5708, 4.55164e-08, -1.57},
RPY {-1.5708, -4.87609e-20, -1.57},RPY {-1.5708, -4.87609e-20, -1.57},RPY {-1.5708, 4.55164e-08, -1.57},
RPY {-1.5708, -4.87609e-20, -1.57},RPY {-1.5708, -4.87609e-20, -1.57},RPY {-1.5708, 4.55164e-08, -1.57},
RPY {-1.5708, -4.87609e-20, -1.57},RPY {-1.5708, -4.87609e-20, -1.57},RPY {-1.5708, 4.55164e-08, -1.57},
RPY {-1.5708, -4.87609e-20, -1.57},RPY {-1.5708, -4.87609e-20, -1.57},RPY {-1.5708, 4.55164e-08, -1.57},
RPY {-1.5708, -4.87609e-20, -1.57},RPY {-1.5708, -4.87609e-20, -1.57},RPY {-1.5708, 4.55164e-08, -1.57},
RPY {-1.5708, -4.87609e-20, -1.57},RPY {-1.5708, -4.87609e-20, -1.57},RPY {-1.5708, 4.55164e-08, -1.57},
RPY {-1.5708, -4.87609e-20, -1.57},RPY {-1.5708, -4.87609e-20, -1.57},RPY {-1.5708, 4.55164e-08, -1.57},
RPY {-1.5708, -4.87609e-20, -1.57},RPY {-1.5708, -4.87609e-20, -1.57},RPY {-1.5708, 4.55164e-08, -1.57},
RPY {-1.5708, -4.87609e-20, -1.57},RPY {-1.5708, -4.87609e-20, -1.57},RPY {-1.5708, 4.55164e-08, -1.57},
RPY {-1.5708, -4.87609e-20, -1.57},RPY {-1.5708, -4.87609e-20, -1.57},RPY {-1.5708, 4.55164e-08, -1.57},
RPY {-1.5708, -4.87609e-20, -1.57},RPY {-1.5708, -4.87609e-20, -1.57},RPY {-1.5708, 4.55164e-08, -1.57},
RPY {-1.5708, -4.87609e-20, -1.57},RPY {-1.5708, -4.87609e-20, -1.57},RPY {-1.5708, 4.55164e-08, -1.57},
RPY {-1.5708, -4.87609e-20, -1.57},RPY {-1.5708, -4.87609e-20, -1.57},RPY {-1.5708, 4.55164e-08, -1.57},
RPY {-1.5708, -4.87609e-20, -1.57},RPY {-1.5708, -4.87609e-20, -1.57},RPY {-1.5708, 4.55164e-08, -1.57},
RPY {-1.5708, -4.87609e-20, -1.57},RPY {-1.5708, -4.87609e-20, -1.57},RPY {-1.5708, 4.55164e-08, -1.57},
RPY {-1.5708, -4.87609e-20, -1.57},RPY {-1.5708, -4.87609e-20, -1.57},RPY {-1.5708, 4.55164e-08, -1.57},
RPY {-1.5708, -4.87609e-20, -1.57},RPY {-1.5708, -4.87609e-20, -1.57},RPY {-1.5708, 4.55164e-08, -1.57},
RPY {-1.5708, -4.87609e-20, -1.57},RPY {-1.5708, -4.87609e-20, -1.57},RPY {-1.5708, 4.55164e-08, -1.57},
RPY {-1.5708, -4.87609e-20, -1.57},RPY {-1.5708, -4.87609e-20, -1.57},RPY {-1.5708, 4.55164e-08, -1.57},
RPY {-1.5708, -4.87609e-20, -1.57},RPY {-1.5708, -4.87609e-20, -1.57},RPY {-1.5708, 4.55164e-08, -1.57},
RPY {-1.5708, -4.87609e-20, -1.57},RPY {-1.5708, -4.87609e-20, -1.57},RPY {-1.5708, 4.55164e-08, -1.57},
RPY {-1.5708, -4.87609e-20, -1.57},RPY {-1.5708, -4.87609e-20, -1.57},RPY {-1.5708, 4.55164e-08, -1.57},
RPY {-1.5708, -4.87609e-20, -1.57},RPY {-1.5708, -4.87609e-20, -1.57},RPY {-1.5708, 4.55164e-08, -1.57},
RPY {-1.5708, -4.87609e-20, -1.57},RPY {-1.5708, -4.87609e-20, -1.57},RPY {-1.5708, 4.55164e-08, -1.57},
RPY {-1.5708, -4.87609e-20, -1.57},RPY {-1.5708, -4.87609e-20, -1.57},RPY {-1.5708, 4.55164e-08, -1.57},
RPY {-1.5708, -4.87609e-20, -1.57},RPY {-1.5708, -4.87609e-20, -1.57},RPY {-1.5708, 4.55164e-08, -1.57},
RPY {-1.5708, -4.87609e-20, -1.57},RPY {-1.5708, -4.87609e-20, -1.57},RPY {-1.5708, 4.55164e-08, -1.57},
RPY {-1.5708, -4.87609e-20, -1.57},RPY {-1.5708, -4.87609e-20, -1.57},RPY {-1.5708, 4.55164e-08, -1.57},
RPY {-1.5708, -4.87609e-20, -1.57},RPY {-1.5708, -4.87609e-20, -1.57},RPY {-1.5708, 4.55164e-08, -1.57},
RPY {-1.5708, -4.87609e-20, -1.57},RPY {-1.5708, -4.87609e-20, -1.57},RPY {-1.5708, 4.55164e-08, -1.57},
RPY {-1.5708, -4.87609e-20, -1.57},RPY {-1.5708, -4.87609e-20, -1.57},RPY {-1.5708, 4.55164e-08, -1.57},
RPY {-1.5708, -4.87609e-20, -1.57},RPY {-1.5708, -4.87609e-20, -1.57},RPY {-1.5708, 4.55164e-08, -1.57},
RPY {-1.5708, -4.87609e-20, -1.57},RPY {-1.5708, -4.87609e-20, -1.57},RPY {-1.5708, 4.55164e-08, -1.57},
RPY {-1.5708, -4.87609e-20, -1.57},RPY {-1.5708, -4.87609e-20, -1.57},RPY {-1.5708, 4.55164e-08, -1.57},
RPY {-1.5708, -4.87609e-20, -1.57},RPY {-1.5708, -4.87609e-20, -1.57},RPY {-1.5708, 4.55164e-08, -1.57},
RPY {-1.5708, -4.87609e-20, -1.57},RPY {-1.5708, -4.87609e-20, -1.57},RPY {-1.5708, 4.55164e-08, -1.57},
RPY {-1.5708, -4.87609e-20, -1.57},RPY {-1.5708, -4.87609e-20, -1.57},RPY {-1.5708, 4.55164e-08, -1.57},
RPY {-1.5708, -4.87609e-20, -1.57},RPY {-1.5708, -4.87609e-20, -1.57},RPY {-1.5708, 4.55164e-08, -1.57},
RPY {-1.5708, -4.87609e-20, -1.57},RPY {-1.5708, -4.87609e-20, -1.57},RPY {-1.5708, 4.55164e-08, -1.57},
RPY {-1.5708, -4.87609e-20, -1.57},RPY {-1.5708, -4.87609e-20, -1.57},RPY {-1.5708, 4.55164e-08, -1.57},
RPY {-1.5708, -4.87609e-20, -1.57},RPY {-1.5708, -4.87609e-20, -1.57},RPY {-1.5708, 4.55164e-08, -1.57},
RPY {-1.5708, -4.87609e-20, -1.57},RPY {-1.5708, -4.87609e-20, -1.57},RPY {-1.5708, 4.55164e-08, -1.57},
RPY {-1.5708, -4.87609e-20, -1.57},RPY {-1.5708, -4.87609e-20, -1.57},RPY {-1.5708, 4.55164e-08, -1.57},
RPY {-1.5708, -4.87609e-20, -1.57},RPY {-1.5708, -4.87609e-20, -1.57},RPY {-1.5708, 4.55164e-08, -1.57},
RPY {-1.5708, -4.87609e-20, -1.57},RPY {-1.5708, -4.87609e-20, -1.57},RPY {-1.5708, 4.55164e-08, -1.57},
RPY {-1.5708, -4.87609e-20, -1.57},RPY {-1.5708, -4.87609e-20, -1.57},RPY {-1.5708, 4.55164e-08, -1.57},
RPY {-1.5708, -4.87609e-20, -1.57},RPY {-1.5708, -4.87609e-20, -1.57},RPY {-1.5708, 4.55164e-08, -1.57},
RPY {-1.5708, -4.87609e-20, -1.57},RPY {-1.5708, -4.87609e-20, -1.57},RPY {-1.5708, 4.55164e-08, -1.57},
RPY {-1.5708, -4.87609e-20, -1.57},RPY {-1.5708, -4.87609e-20, -1.57},RPY {-1.5708, 4.55164e-08, -1.57},
RPY {-1.5708, -4.87609e-20, -1.57},RPY {-1.5708, -4.87609e-20, -1.57},RPY {-1.5708, 4.55164e-08, -1.57},
RPY {-1.5708, -4.87609e-20, -1.57},RPY {-1.5708, -4.87609e-20, -1.57},RPY {-1.5708, 4.55164e-08, -1.57},
RPY {-1.5708, -4.87609e-20, -1.57},RPY {-1.5708, -4.87609e-20, -1.57},RPY {-1.5708, 4.55164e-08, -1.57},
RPY {-1.5708, -4.87609e-20, -1.57},RPY {-1.5708, -4.87609e-20, -1.57},RPY {-1.5708, 4.55164e-08, -1.57},
RPY {-1.5708, -4.87609e-20, -1.57},RPY {-1.5708, -4.87609e-20, -1.57},RPY {-1.5708, 4.55164e-08, -1.57},
RPY {-1.5708, -4.87609e-20, -1.57},RPY {-1.5708, -4.87609e-20, -1.57},RPY {-1.5708, 4.55164e-08, -1.57},
RPY {-1.5708, -4.87609e-20, -1.57},RPY {-1.5708, -4.87609e-20, -1.57},RPY {-1.5708, 4.55164e-08, -1.57},
RPY {-1.5708, -4.87609e-20, -1.57},RPY {-1.5708, -4.87609e-20, -1.57},RPY {-1.5708, 4.55164e-08, -1.57},
RPY {-1.5708, -4.87609e-20, -1.57},RPY {-1.5708, -4.87609e-20, -1.57},RPY {-1.5708, 4.55164e-08, -1.57},
RPY {-1.5708, -4.87609e-20, -1.57},RPY {-1.5708, -4.87609e-20, -1.57},RPY {-1.5708, 4.55164e-08, -1.57},
RPY {-1.5708, -4.87609e-20, -1.57},RPY {-1.5708, -4.87609e-20, -1.57},RPY {-1.5708, 4.55164e-08, -1.57},
RPY {-1.5708, -4.87609e-20, -1.57},RPY {-1.5708, -4.87609e-20, -1.57},RPY {-1.5708, 4.55164e-08, -1.57},
RPY {-1.5708, -4.87609e-20, -1.57},RPY {-1.5708, -4.87609e-20, -1.57},RPY {-1.5708, 4.55164e-08, -1.57},
RPY {-1.5708, -4.87609e-20, -1.57},RPY {-1.5708, -4.87609e-20, -1.57},RPY {-1.5708, 4.55164e-08, -1.57},
RPY {-1.5708, -4.87609e-20, -1.57},RPY {-1.5708, -4.87609e-20, -1.57},RPY {-1.5708, 4.55164e-08, -1.57},
RPY {-1.5708, -4.87609e-20, -1.57},RPY {-1.5708, -4.87609e-20, -1.57},RPY {-1.5708, 4.55164e-08, -1.57},
RPY {-1.5708, -4.87609e-20, -1.57},RPY {-1.5708, -4.87609e-20, -1.57},RPY {-1.5708, 4.55164e-08, -1.57},
RPY {-1.5708, -4.87609e-20, -1.57},RPY {-1.5708, -4.87609e-20, -1.57},RPY {-1.5708, 4.55164e-08, -1.57},
RPY {-1.5708, -4.87609e-20, -1.57},RPY {-1.5708, -4.87609e-20, -1.57},RPY {-1.5708, 4.55164e-08, -1.57},
RPY {-1.5708, -4.87609e-20, -1.57},RPY {-1.5708, -4.87609e-20, -1.57},RPY {-1.5708, 4.55164e-08, -1.57},
RPY {-1.5708, -4.87609e-20, -1.57},RPY {-1.5708, -4.87609e-20, -1.57},RPY {-1.5708, 4.55164e-08, -1.57},
RPY {-1.5708, -4.87609e-20, -1.57},RPY {-1.5708, -4.87609e-20, -1.57},RPY {-1.5708, 4.55164e-08, -1.57},
RPY {-1.5708, -4.87609e-20, -1.57},RPY {-1.5708, -4.87609e-20, -1.57},RPY {-1.5708, 4.55164e-08, -1.57},
RPY {-1.5708, -4.87609e-20, -1.57},RPY {-1.5708, -4.87609e-20, -1.57},RPY {-1.5708, 4.55164e-08, -1.57},
RPY {-1.5708, -4.87609e-20, -1.57},RPY {-1.5708, -4.87609e-20, -1.57},RPY {-1.5708, 4.55164e-08, -1.57},
RPY {-1.5708, -4.87609e-20, -1.57},RPY {-1.5708, -4.87609e-20, -1.57},RPY {-1.5708, 4.55164e-08, -1.57},
RPY {-1.5708, -4.87609e-20, -1.57},RPY {-1.5708, -4.87609e-20, -1.57},RPY {-1.5708, 4.55164e-08, -1.57},
RPY {-1.5708, -4.87609e-20, -1.57},RPY {-1.5708, -4.87609e-20, -1.57},RPY {-1.5708, 4.55164e-08, -1.57},
RPY {-1.5708, -4.87609e-20, -1.57},RPY {-1.5708, -4.87609e-20, -1.57},RPY {-1.5708, 4.55164e-08, -1.57},
RPY {-1.5708, -4.87609e-20, -1.57},RPY {-1.5708, -4.87609e-20, -1.57},RPY {-1.5708, 4.55164e-08, -1.57},
RPY {-1.5708, -4.87609e-20, -1.57},RPY {-1.5708, -4.87609e-20, -1.57},RPY {-1.5708, 4.55164e-08, -1.57},
RPY {-1.5708, -4.87609e-20, -1.57},RPY {-1.5708, -4.87609e-20, -1.57},RPY {-1.5708, 4.55164e-08, -1.57},
RPY {-1.5708, -4.87609e-20, -1.57},RPY {-1.5708, -4.87609e-20, -1.57},RPY {-1.5708, 4.55164e-08, -1.57},
RPY {-1.5708, -4.87609e-20, -1.57},RPY {-1.5708, -4.87609e-20, -1.57},RPY {-1.5708, 4.55164e-08, -1.57},
RPY {-1.5708, -4.87609e-20, -1.57},RPY {-1.5708, -4.87609e-20, -1.57},RPY {-1.5708, 4.55164e-08, -1.57},
RPY {-1.5708, -4.87609e-20, -1.57},RPY {-1.5708, -4.87609e-20, -1.57},RPY {-1.5708, 4.55164e-08, -1.57},
RPY {-1.5708, -4.87609e-20, -1.57},RPY {-1.5708, -4.87609e-20, -1.57},RPY {-1.5708, 4.55164e-08, -1.57},
RPY {-1.5708, -4.87609e-20, -1.57},RPY {-1.5708, -4.87609e-20, -1.57},RPY {-1.5708, 4.55164e-08, -1.57},
RPY {-1.5708, -4.87609e-20, -1.57},RPY {-1.5708, -4.87609e-20, -1.57},RPY {-1.5708, 4.55164e-08, -1.57},
RPY {-1.5708, -4.87609e-20, -1.57},RPY {-1.5708, -4.87609e-20, -1.57},RPY {-1.5708, 4.55164e-08, -1.57},
RPY {-1.5708, -4.87609e-20, -1.57},RPY {-1.5708, -4.87609e-20, -1.57},RPY {-1.5708, 4.55164e-08, -1.57},
RPY {-1.5708, -4.87609e-20, -1.57},RPY {-1.5708, -4.87609e-20, -1.57},RPY {-1.5708, 4.55164e-08, -1.57},
RPY {-1.5708, -4.87609e-20, -1.57},RPY {-1.5708, -4.87609e-20, -1.57},RPY {-1.5708, 4.55164e-08, -1.57},
RPY {-1.5708, -4.87609e-20, -1.57},RPY {-1.5708, -4.87609e-20, -1.57},RPY {-1.5708, 4.55164e-08, -1.57},
RPY {-1.5708, -4.87609e-20, -1.57},RPY {-1.5708, -4.87609e-20, -1.57},RPY {-1.5708, 4.55164e-08, -1.57},
RPY {-1.5708, -4.87609e-20, -1.57},RPY {-1.5708, -4.87609e-20, -1.57},RPY {-1.5708, 4.55164e-08, -1.57},
RPY {-1.5708, -4.87609e-20, -1.57},RPY {-1.5708, -4.87609e-20, -1.57},RPY {-1.5708, 4.55164e-08, -1.57},
RPY {-1.5708, -4.87609e-20, -1.57},RPY {-1.5708, -4.87609e-20, -1.57},RPY {-1.5708, 4.55164e-08, -1.57},
RPY {-1.5708, -4.87609e-20, -1.57},RPY {-1.5708, -4.87609e-20, -1.57},RPY {-1.5708, 4.55164e-08, -1.57},
RPY {-1.5708, -4.87609e-20, -1.57},RPY {-1.5708, -4.87609e-20, -1.57},RPY {-1.5708, 4.55164e-08, -1.57},
RPY {-1.5708, -4.87609e-20, -1.57},RPY {-1.5708, -4.87609e-20, -1.57},RPY {-1.5708, 4.55164e-08, -1.57},
RPY {-1.5708, -4.87609e-20, -1.57},RPY {-1.5708, -4.87609e-20, -1.57},RPY {-1.5708, 4.55164e-08, -1.57},
RPY {-1.5708, -4.87609e-20, -1.57},RPY {-1.5708, -4.87609e-20, -1.57},RPY {-1.5708, 4.55164e-08, -1.57},
RPY {-1.5708, -4.87609e-20, -1.57},RPY {-1.5708, -4.87609e-20, -1.57},RPY {-1.5708, 4.55164e-08, -1.57},
RPY {-1.5708, -4.87609e-20, -1.57},RPY {-1.5708, -4.87609e-20, -1.57},RPY {-1.5708, 4.55164e-08, -1.57},
RPY {-1.5708, -4.87609e-20, -1.57},RPY {-1.5708, -4.87609e-20, -1.57},RPY {-1.5708, 4.55164e-08, -1.57},
RPY {-1.5708, -4.87609e-20, -1.57},RPY {-1.5708, -4.87609e-20, -1.57},RPY {-1.5708, 4.55164e-08, -1.57},
RPY {-1.5708, -4.87609e-20, -1.57},RPY {-1.5708, -4.87609e-20, -1.57},RPY {-1.5708, 4.55164e-08, -1.57},
RPY {-1.5708, -4.87609e-20, -1.57},RPY {-1.5708, -4.87609e-20, -1.57},RPY {-1.5708, 4.55164e-08, -1.57},
RPY {-1.5708, -4.87609e-20, -1.57},RPY {-1.5708, -4.87609e-20, -1.57},RPY {-1.5708, 4.55164e-08, -1.57},
RPY {-1.5708, -4.87609e-20, -1.57},RPY {-1.5708, -4.87609e-20, -1.57},RPY {-1.5708, 4.55164e-08, -1.57},
RPY {-1.5708, -4.87609e-20, -1.57},RPY {-1.5708, -4.87609e-20, -1.57},RPY {-1.5708, 4.55164e-08, -1.57},
RPY {-1.5708, -4.87609e-20, -1.57},RPY {-1.5708, -4.87609e-20, -1.57},RPY {-1.5708, 4.55164e-08, -1.57},
RPY {-1.5708, -4.87609e-20, -1.57},RPY {-1.5708, -4.87609e-20, -1.57},RPY {-1.5708, 4.55164e-08, -1.57},
RPY {-1.5708, -4.87609e-20, -1.57},RPY {-1.5708, -4.87609e-20, -1.57},RPY {-1.5708, 4.55164e-08, -1.57},
RPY {-1.5708, -4.87609e-20, -1.57},RPY {-1.5708, -4.87609e-20, -1.57},RPY {-1.5708, 4.55164e-08, -1.57},
RPY {-1.5708, -4.87609e-20, -1.57},RPY {-1.5708, -4.87609e-20, -1.57},RPY {-1.5708, 4.55164e-08, -1.57},
RPY {-1.5708, -4.87609e-20, -1.57},RPY {-1.5708, -4.87609e-20, -1.57},RPY {-1.5708, 4.55164e-08, -1.57},
RPY {-1.5708, -4.87609e-20, -1.57},RPY {-1.5708, -4.87609e-20, -1.57},RPY {-1.5708, 4.55164e-08, -1.57},
RPY {-1.5708, -4.87609e-20, -1.57},RPY {-1.5708, -4.87609e-20, -1.57},RPY {-1.5708, 4.55164e-08, -1.57},
RPY {-1.5708, -4.87609e-20, -1.57},RPY {-1.5708, -4.87609e-20, -1.57},RPY {-1.5708, 4.55164e-08, -1.57},
RPY {-1.5708, -4.87609e-20, -1.57},RPY {-1.5708, -4.87609e-20, -1.57},RPY {-1.5708, 4.55164e-08, -1.57},
RPY {-1.5708, -4.87609e-20, -1.57},RPY {-1.5708, -4.87609e-20, -1.57},RPY {-1.5708, 4.55164e-08, -1.57},
RPY {-1.5708, -4.87609e-20, -1.57},RPY {-1.5708, -4.87609e-20, -1.57},RPY {-1.5708, 4.55164e-08, -1.57},
RPY {-1.5708, -4.87609e-20, -1.57},RPY {-1.5708, -4.87609e-20, -1.57},RPY {-1.5708, 4.55164e-08, -1.57},
RPY {-1.5708, -4.87609e-20, -1.57},RPY {-1.5708, -4.87609e-20, -1.57},RPY {-1.5708, 4.55164e-08, -1.57},
RPY {-1.5708, -4.87609e-20, -1.57},RPY {-1.5708, -4.87609e-20, -1.57},RPY {-1.5708, 4.55164e-08, -1.57},
RPY {-1.5708, -4.87609e-20, -1.57},RPY {-1.5708, -4.87609e-20, -1.57},RPY {-1.5708, 4.55164e-08, -1.57},
RPY {-1.5708, -4.87609e-20, -1.57},RPY {-1.5708, -4.87609e-20, -1.57},RPY {-1.5708, 4.55164e-08, -1.57},
RPY {-1.5708, -4.87609e-20, -1.57},RPY {-1.5708, -4.87609e-20, -1.57},RPY {-1.5708, 4.55164e-08, -1.57},
RPY {-1.5708, -4.87609e-20, -1.57},RPY {-1.5708, -4.87609e-20, -1.57},RPY {-1.5708, 4.55164e-08, -1.57},
RPY {-1.5708, -4.87609e-20, -1.57},RPY {-1.5708, -4.87609e-20, -1.57},RPY {-1.5708, 4.55164e-08, -1.57},
RPY {-1.5708, -4.87609e-20, -1.57},RPY {-1.5708, -4.87609e-20, -1.57},RPY {-1.5708, 4.55164e-08, -1.57},
RPY {-1.5708, -4.87609e-20, -1.57},RPY {-1.5708, -4.87609e-20, -1.57},RPY {-1.5708, 4.55164e-08, -1.57},
RPY {-1.5708, -4.87609e-20, -1.57},RPY {-1.5708, -4.87609e-20, -1.57},RPY {-1.5708, 4.55164e-08, -1.57},
RPY {-1.5708, -4.87609e-20, -1.57},RPY {-1.5708, -4.87609e-20, -1.57},RPY {-1.5708, 4.55164e-08, -1.57},
RPY {-1.5708, -4.87609e-20, -1.57},RPY {-1.5708, -4.87609e-20, -1.57},RPY {-1.5708, 4.55164e-08, -1.57},
RPY {-1.5708, -4.87609e-20, -1.57},RPY {-1.5708, -4.87609e-20, -1.57},RPY {-1.5708, 4.55164e-08, -1.57},
RPY {-1.5708, -4.87609e-20, -1.57},RPY {-1.5708, -4.87609e-20, -1.57},RPY {-1.5708, 4.55164e-08, -1.57},
RPY {-1.5708, -4.87609e-20, -1.57},RPY {-1.5708, -4.87609e-20, -1.57},RPY {-1.5708, 4.55164e-08, -1.57},
RPY {-1.5708, -4.87609e-20, -1.57},RPY {-1.5708, -4.87609e-20, -1.57},RPY {-1.5708, 4.55164e-08, -1.57},
RPY {-1.5708, -4.87609e-20, -1.57},RPY {-1.5708, -4.87609e-20, -1.57},RPY {-1.5708, 4.55164e-08, -1.57},
RPY {-1.5708, -4.87609e-20, -1.57},RPY {-1.5708, -4.87609e-20, -1.57},RPY {-1.5708, 4.55164e-08, -1.57},
RPY {-1.5708, -4.87609e-20, -1.57},RPY {-1.5708, -4.87609e-20, -1.57},RPY {-1.5708, 4.55164e-08, -1.57},
RPY {-1.5708, -4.87609e-20, -1.57},RPY {-1.5708, -4.87609e-20, -1.57},RPY {-1.5708, 4.55164e-08, -1.57},
RPY {-1.5708, -4.87609e-20, -1.57},RPY {-1.5708, -4.87609e-20, -1.57},RPY {-1.5708, 4.55164e-08, -1.57},
RPY {-1.5708, -4.87609e-20, -1.57},RPY {-1.5708, -4.87609e-20, -1.57},RPY {-1.5708, 4.55164e-08, -1.57},
RPY {-1.5708, -4.87609e-20, -1.57},RPY {-1.5708, -4.87609e-20, -1.57},RPY {-1.5708, 4.55164e-08, -1.57},
RPY {-1.5708, -4.87609e-20, -1.57},RPY {-1.5708, -4.87609e-20, -1.57},RPY {-1.5708, 4.55164e-08, -1.57},
RPY {-1.5708, -4.87609e-20, -1.57},RPY {-1.5708, -4.87609e-20, -1.57},RPY {-1.5708, 4.55164e-08, -1.57},
RPY {-1.5708, -4.87609e-20, -1.57},RPY {-1.5708, -4.87609e-20, -1.57},RPY {-1.5708, 4.55164e-08, -1.57},
RPY {-1.5708, -4.87609e-20, -1.57},RPY {-1.5708, -4.87609e-20, -1.57},RPY {-1.5708, 4.55164e-08, -1.57},
RPY {-1.5708, -4.87609e-20, -1.57},RPY {-1.5708, -4.87609e-20, -1.57},RPY {-1.5708, 4.55164e-08, -1.57},
RPY {-1.5708, -4.87609e-20, -1.57},RPY {-1.5708, -4.87609e-20, -1.57},RPY {-1.5708, 4.55164e-08, -1.57},
RPY {-1.5708, -4.87609e-20, -1.57},RPY {-1.5708, -4.87609e-20, -1.57},RPY {-1.5708, 4.55164e-08, -1.57},
RPY {-1.5708, -4.87609e-20, -1.57},RPY {-1.5708, -4.87609e-20, -1.57},RPY {-1.5708, 4.55164e-08, -1.57},
RPY {-1.5708, -4.87609e-20, -1.57},RPY {-1.5708, -4.87609e-20, -1.57},RPY {-1.5708, 4.55164e-08, -1.57},
RPY {-1.5708, -4.87609e-20, -1.57},RPY {-1.5708, -4.87609e-20, -1.57},RPY {-1.5708, 4.55164e-08, -1.57},
RPY {-1.5708, -4.87609e-20, -1.57},RPY {-1.5708, -4.87609e-20, -1.57},RPY {-1.5708, 4.55164e-08, -1.57},
RPY {-1.5708, -4.87609e-20, -1.57},RPY {-1.5708, -4.87609e-20, -1.57},RPY {-1.5708, 4.55164e-08, -1.57},
RPY {-1.5708, -4.87609e-20, -1.57},RPY {-1.5708, -4.87609e-20, -1.57},RPY {-1.5708, 4.55164e-08, -1.57},
RPY {-1.5708, -4.87609e-20, -1.57},RPY {-1.5708, -4.87609e-20, -1.57},RPY {-1.5708, 4.55164e-08, -1.57},
RPY {-1.5708, -4.87609e-20, -1.57},RPY {-1.5708, -4.87609e-20, -1.57},RPY {-1.5708, 4.55164e-08, -1.57},
RPY {-1.5708, -4.87609e-20, -1.57},RPY {-1.5708, -4.87609e-20, -1.57},RPY {-1.5708, 4.55164e-08, -1.57},
RPY {-1.5708, -4.87609e-20, -1.57},RPY {-1.5708, -4.87609e-20, -1.57},RPY {-1.5708, 4.55164e-08, -1.57},
RPY {-1.5708, -4.87609e-20, -1.57},RPY {-1.5708, -4.87609e-20, -1.57},RPY {-1.5708, 4.55164e-08, -1.57},
RPY {-1.5708, -4.87609e-20, -1.57},RPY {-1.5708, -4.87609e-20, -1.57},RPY {-1.5708, 4.55164e-08, -1.57},
RPY {-1.5708, -4.87609e-20, -1.57},RPY {-1.5708, -4.87609e-20, -1.57},RPY {-1.5708, 4.55164e-08, -1.57},
RPY {-1.5708, -4.87609e-20, -1.57},RPY {-1.5708, -4.87609e-20, -1.57},RPY {-1.5708, 4.55164e-08, -1.57},
RPY {-1.5708, -4.87609e-20, -1.57},RPY {-1.5708, -4.87609e-20, -1.57},RPY {-1.5708, 4.55164e-08, -1.57},
RPY {-1.5708, -4.87609e-20, -1.57},RPY {-1.5708, -4.87609e-20, -1.57},RPY {-1.5708, 4.55164e-08, -1.57},
RPY {-1.5708, -4.87609e-20, -1.57},RPY {-1.5708, -4.87609e-20, -1.57},RPY {-1.5708, 4.55164e-08, -1.57},
RPY {-1.5708, -4.87609e-20, -1.57},RPY {-1.5708, -4.87609e-20, -1.57},RPY {-1.5708, 4.55164e-08, -1.57},
RPY {-1.5708, -4.87609e-20, -1.57},RPY {-1.5708, -4.87609e-20, -1.57},RPY {-1.5708, 4.55164e-08, -1.57},
RPY {-1.5708, -4.87609e-20, -1.57},RPY {-1.5708, -4.87609e-20, -1.57},RPY {-1.5708, 4.55164e-08, -1.57},
RPY {-1.5708, -4.87609e-20, -1.57},RPY {-1.5708, -4.87609e-20, -1.57},RPY {-1.5708, 4.55164e-08, -1.57},
RPY {-1.5708, -4.87609e-20, -1.57},RPY {-1.5708, -4.87609e-20, -1.57},RPY {-1.5708, 4.55164e-08, -1.57},
RPY {-1.5708, -4.87609e-20, -1.57},RPY {-1.5708, -4.87609e-20, -1.57},RPY {-1.5708, 4.55164e-08, -1.57},
RPY {-1.5708, -4.87609e-20, -1.57},RPY {-1.5708, -4.87609e-20, -1.57},RPY {-1.5708, 4.55164e-08, -1.57},
RPY {-1.5708, -4.87609e-20, -1.57},RPY {-1.5708, -4.87609e-20, -1.57},RPY {-1.5708, 4.55164e-08, -1.57},
RPY {-1.5708, -4.87609e-20, -1.57},RPY {-1.5708, -4.87609e-20, -1.57},RPY {-1.5708, 4.55164e-08, -1.57},
RPY {-1.5708, -4.87609e-20, -1.57},RPY {-1.5708, -4.87609e-20, -1.57},RPY {-1.5708, 4.55164e-08, -1.57},
RPY {-1.5708, -4.87609e-20, -1.57},RPY {-1.5708, -4.87609e-20, -1.57},RPY {-1.5708, 4.55164e-08, -1.57},
RPY {-1.5708, -4.87609e-20, -1.57},RPY {-1.5708, -4.87609e-20, -1.57},RPY {-1.5708, 4.55164e-08, -1.57},
RPY {-1.5708, -4.87609e-20, -1.57},RPY {-1.5708, -4.87609e-20, -1.57},RPY {-1.5708, 4.55164e-08, -1.57},
RPY {-1.5708, -4.87609e-20, -1.57},RPY {-1.5708, -4.87609e-20, -1.57},RPY {-1.5708, 4.55164e-08, -1.57},
RPY {-1.5708, -4.87609e-20, -1.57},RPY {-1.5708, -4.87609e-20, -1.57},RPY {-1.5708, 4.55164e-08, -1.57},
RPY {-1.5708, -4.87609e-20, -1.57},RPY {-1.5708, -4.87609e-20, -1.57},RPY {-1.5708, 4.55164e-08, -1.57},
RPY {-1.5708, -4.87609e-20, -1.57},RPY {-1.5708, -4.87609e-20, -1.57},RPY {-1.5708, 4.55164e-08, -1.57},
RPY {-1.5708, -4.87609e-20, -1.57},RPY {-1.5708, -4.87609e-20, -1.57},RPY {-1.5708, 4.55164e-08, -1.57},
RPY {-1.5708, -4.87609e-20, -1.57},RPY {-1.5708, -4.87609e-20, -1.57},RPY {-1.5708, 4.55164e-08, -1.57},
RPY {-1.5708, -4.87609e-20, -1.57},RPY {-1.5708, -4.87609e-20, -1.57},RPY {-1.5708, 4.55164e-08, -1.57},
RPY {-1.5708, -4.87609e-20, -1.57},RPY {-1.5708, -4.87609e-20, -1.57},RPY {-1.5708, 4.55164e-08, -1.57},
RPY {-1.5708, -4.87609e-20, -1.57},RPY {-1.5708, -4.87609e-20, -1.57},RPY {-1.5708, 4.55164e-08, -1.57},
RPY {-1.5708, -4.87609e-20, -1.57},RPY {-1.5708, -4.87609e-20, -1.57},RPY {-1.5708, 4.55164e-08, -1.57},
RPY {-1.5708, -4.87609e-20, -1.57},RPY {-1.5708, -4.87609e-20, -1.57},RPY {-1.5708, 4.55164e-08, -1.57},
RPY {-1.5708, -4.87609e-20, -1.57},RPY {-1.5708, -4.87609e-20, -1.57},RPY {-1.5708, 4.55164e-08, -1.57},
RPY {-1.5708, -4.87609e-20, -1.57},RPY {-1.5708, -4.87609e-20, -1.57},RPY {-1.5708, 4.55164e-08, -1.57},
RPY {-1.5708, -4.87609e-20, -1.57},RPY {-1.5708, -4.87609e-20, -1.57},RPY {-1.5708, 4.55164e-08, -1.57},
RPY {-1.5708, -4.87609e-20, -1.57},RPY {-1.5708, -4.87609e-20, -1.57},RPY {-1.5708, 4.55164e-08, -1.57},
RPY {-1.5708, -4.87609e-20, -1.57},RPY {-1.5708, -4.87609e-20, -1.57},RPY {-1.5708, 4.55164e-08, -1.57},
RPY {-1.5708, -4.87609e-20, -1.57},RPY {-1.5708, -4.87609e-20, -1.57},RPY {-1.5708, 4.55164e-08, -1.57},
RPY {-1.5708, -4.87609e-20, -1.57},RPY {-1.5708, -4.87609e-20, -1.57},RPY {-1.5708, 4.55164e-08, -1.57},
RPY {-1.5708, -4.87609e-20, -1.57},RPY {-1.5708, -4.87609e-20, -1.57},RPY {-1.5708, 4.55164e-08, -1.57},
RPY {-1.5708, -4.87609e-20, -1.57},RPY {-1.5708, -4.87609e-20, -1.57},RPY {-1.5708, 4.55164e-08, -1.57},
RPY {-1.5708, -4.87609e-20, -1.57},RPY {-1.5708, -4.87609e-20, -1.57},RPY {-1.5708, 4.55164e-08, -1.57},
RPY {-1.5708, -4.87609e-20, -1.57},RPY {-1.5708, -4.87609e-20, -1.57},RPY {-1.5708, 4.55164e-08, -1.57},
RPY {-1.5708, -4.87609e-20, -1.57},RPY {-1.5708, -4.87609e-20, -1.57},RPY {-1.5708, 4.55164e-08, -1.57},
RPY {-1.5708, -4.87609e-20, -1.57},RPY {-1.5708, -4.87609e-20, -1.57},RPY {-1.5708, 4.55164e-08, -1.57},
RPY {-1.5708, -4.87609e-20, -1.57},RPY {-1.5708, -4.87609e-20, -1.57},RPY {-1.5708, 4.55164e-08, -1.57},
RPY {-1.5708, -4.87609e-20, -1.57},RPY {-1.5708, -4.87609e-20, -1.57},RPY {-1.5708, 4.55164e-08, -1.57},
RPY {-1.5708, -4.87609e-20, -1.57},RPY {-1.5708, -4.87609e-20, -1.57},RPY {-1.5708, 4.55164e-08, -1.57},
RPY {-1.5708, -4.87609e-20, -1.57},RPY {-1.5708, -4.87609e-20, -1.57},RPY {-1.5708, 4.55164e-08, -1.57},
RPY {-1.5708, -4.87609e-20, -1.57},RPY {-1.5708, -4.87609e-20, -1.57},RPY {-1.5708, 4.55164e-08, -1.57},
RPY {-1.5708, -4.87609e-20, -1.57},RPY {-1.5708, -4.87609e-20, -1.57},RPY {-1.5708, 4.55164e-08, -1.57},
RPY {-1.5708, -4.87609e-20, -1.57},RPY {-1.5708, -4.87609e-20, -1.57},RPY {-1.5708, 4.55164e-08, -1.57},
RPY {-1.5708, -4.87609e-20, -1.57},RPY {-1.5708, -4.87609e-20, -1.57},RPY {-1.5708, 4.55164e-08, -1.57},
RPY {-1.5708, -4.87609e-20, -1.57},RPY {-1.5708, -4.87609e-20, -1.57},RPY {-1.5708, 4.55164e-08, -1.57},
RPY {-1.5708, -4.87609e-20, -1.57},RPY {-1.5708, -4.87609e-20, -1.57},RPY {-1.5708, 4.55164e-08, -1.57},
RPY {-1.5708, -4.87609e-20, -1.57},RPY {-1.5708, -4.87609e-20, -1.57},RPY {-1.5708, 4.55164e-08, -1.57},
RPY {-1.5708, -4.87609e-20, -1.57},RPY {-1.5708, -4.87609e-20, -1.57},RPY {-1.5708, 4.55164e-08, -1.57},
RPY {-1.5708, -4.87609e-20, -1.57},RPY {-1.5708, -4.87609e-20, -1.57},RPY {-1.5708, 4.55164e-08, -1.57},
RPY {-1.5708, -4.87609e-20, -1.57},RPY {-1.5708, -4.87609e-20, -1.57},RPY {-1.5708, 4.55164e-08, -1.57},
RPY {-1.5708, -4.87609e-20, -1.57},RPY {-1.5708, -4.87609e-20, -1.57},RPY {-1.5708, 4.55164e-08, -1.57},
RPY {-1.5708, -4.87609e-20, -1.57},RPY {-1.5708, -4.87609e-20, -1.57},RPY {-1.5708, 4.55164e-08, -1.57},
RPY {-1.5708, -4.87609e-20, -1.57},RPY {-1.5708, -4.87609e-20, -1.57},RPY {-1.5708, 4.55164e-08, -1.57},
RPY {-1.5708, -4.87609e-20, -1.57},RPY {-1.5708, -4.87609e-20, -1.57},RPY {-1.5708, 4.55164e-08, -1.57},
RPY {-1.5708, -4.87609e-20, -1.57},RPY {-1.5708, -4.87609e-20, -1.57},RPY {-1.5708, 4.55164e-08, -1.57},
RPY {-1.5708, -4.87609e-20, -1.57},RPY {-1.5708, -4.87609e-20, -1.57},RPY {-1.5708, 4.55164e-08, -1.57},
RPY {-1.5708, -4.87609e-20, -1.57},RPY {-1.5708, -4.87609e-20, -1.57},RPY {-1.5708, 4.55164e-08, -1.57},
RPY {-1.5708, -4.87609e-20, -1.57},RPY {-1.5708, -4.87609e-20, -1.57},RPY {-1.5708, 4.55164e-08, -1.57},
RPY {-1.5708, -4.87609e-20, -1.57},RPY {-1.5708, -4.87609e-20, -1.57},RPY {-1.5708, 4.55164e-08, -1.57},
RPY {-1.5708, -4.87609e-20, -1.57},RPY {-1.5708, -4.87609e-20, -1.57},RPY {-1.5708, 4.55164e-08, -1.57},
RPY {-1.5708, -4.87609e-20, -1.57},RPY {-1.5708, -4.87609e-20, -1.57},RPY {-1.5708, 4.55164e-08, -1.57},
RPY {-1.5708, -4.87609e-20, -1.57},RPY {-1.5708, -4.87609e-20, -1.57},RPY {-1.5708, 4.55164e-08, -1.57},
RPY {-1.5708, -4.87609e-20, -1.57},RPY {-1.5708, -4.87609e-20, -1.57},RPY {-1.5708, 4.55164e-08, -1.57},
RPY {-1.5708, -4.87609e-20, -1.57},RPY {-1.5708, -4.87609e-20, -1.57},RPY {-1.5708, 4.55164e-08, -1.57},
RPY {-1.5708, -4.87609e-20, -1.57},RPY {-1.5708, -4.87609e-20, -1.57},RPY {-1.5708, 4.55164e-08, -1.57},
RPY {-1.5708, -4.87609e-20, -1.57},RPY {-1.5708, -4.87609e-20, -1.57},RPY {-1.5708, 4.55164e-08, -1.57},
RPY {-1.5708, -4.87609e-20, -1.57},RPY {-1.5708, -4.87609e-20, -1.57},RPY {-1.5708, 4.55164e-08, -1.57},
RPY {-1.5708, -4.87609e-20, -1.57},RPY {-1.5708, -4.87609e-20, -1.57},RPY {-1.5708, 4.55164e-08, -1.57},
RPY {-1.5708, -4.87609e-20, -1.57},RPY {-1.5708, -4.87609e-20, -1.57},RPY {-1.5708, 4.55164e-08, -1.57},
RPY {-1.5708, -4.87609e-20, -1.57},RPY {-1.5708, -4.87609e-20, -1.57},RPY {-1.5708, 4.55164e-08, -1.57},
RPY {-1.5708, -4.87609e-20, -1.57},RPY {-1.5708, -4.87609e-20, -1.57},RPY {-1.5708, 4.55164e-08, -1.57},
RPY {-1.5708, -4.87609e-20, -1.57},RPY {-1.5708, -4.87609e-20, -1.57},RPY {-1.5708, 4.55164e-08, -1.57},
RPY {-1.5708, -4.87609e-20, -1.57},RPY {-1.5708, -4.87609e-20, -1.57},RPY {-1.5708, 4.55164e-08, -1.57},
RPY {-1.5708, -4.87609e-20, -1.57},RPY {-1.5708, -4.87609e-20, -1.57},RPY {-1.5708, 4.55164e-08, -1.57},
RPY {-1.5708, -4.87609e-20, -1.57},RPY {-1.5708, -4.87609e-20, -1.57},RPY {-1.5708, 4.55164e-08, -1.57},
RPY {-1.5708, -4.87609e-20, -1.57},RPY {-1.5708, -4.87609e-20, -1.57},RPY {-1.5708, 4.55164e-08, -1.57},
RPY {-1.5708, -4.87609e-20, -1.57},RPY {-1.5708, -4.87609e-20, -1.57},RPY {-1.5708, 4.55164e-08, -1.57},
RPY {-1.5708, -4.87609e-20, -1.57},RPY {-1.5708, -4.87609e-20, -1.57},RPY {-1.5708, 4.55164e-08, -1.57},
RPY {-1.5708, -4.87609e-20, -1.57},RPY {-1.5708, -4.87609e-20, -1.57},RPY {-1.5708, 4.55164e-08, -1.57},
RPY {-1.5708, -4.87609e-20, -1.57},RPY {-1.5708, -4.87609e-20, -1.57},RPY {-1.5708, 4.55164e-08, -1.57},
RPY {-1.5708, -4.87609e-20, -1.57},RPY {-1.5708, -4.87609e-20, -1.57},RPY {-1.5708, 4.55164e-08, -1.57},
RPY {-1.5708, -4.87609e-20, -1.57},RPY {-1.5708, -4.87609e-20, -1.57},RPY {-1.5708, 4.55164e-08, -1.57},
RPY {-1.5708, -4.87609e-20, -1.57},RPY {-1.5708, -4.87609e-20, -1.57},RPY {-1.5708, 4.55164e-08, -1.57},
RPY {-1.5708, -4.87609e-20, -1.57},RPY {-1.5708, -4.87609e-20, -1.57},RPY {-1.5708, 4.55164e-08, -1.57},
RPY {-1.5708, -4.87609e-20, -1.57},RPY {-1.5708, -4.87609e-20, -1.57},RPY {-1.5708, 4.55164e-08, -1.57},
RPY {-1.5708, -4.87609e-20, -1.57},RPY {-1.5708, -4.87609e-20, -1.57},RPY {-1.5708, 4.55164e-08, -1.57},
RPY {-1.5708, -4.87609e-20, -1.57},RPY {-1.5708, -4.87609e-20, -1.57},RPY {-1.5708, 4.55164e-08, -1.57},
RPY {-1.5708, -4.87609e-20, -1.57},RPY {-1.5708, -4.87609e-20, -1.57},RPY {-1.5708, 4.55164e-08, -1.57},
RPY {-1.5708, -4.87609e-20, -1.57},RPY {-1.5708, -4.87609e-20, -1.57},RPY {-1.5708, 4.55164e-08, -1.57},
RPY {-1.5708, -4.87609e-20, -1.57},RPY {-1.5708, -4.87609e-20, -1.57},RPY {-1.5708, 4.55164e-08, -1.57},
RPY {-1.5708, -4.87609e-20, -1.57},RPY {-1.5708, -4.87609e-20, -1.57},RPY {-1.5708, 4.55164e-08, -1.57},
RPY {-1.5708, -4.87609e-20, -1.57},RPY {-1.5708, -4.87609e-20, -1.57},RPY {-1.5708, 4.55164e-08, -1.57},
RPY {-1.5708, -4.87609e-20, -1.57},RPY {-1.5708, -4.87609e-20, -1.57},RPY {-1.5708, 4.55164e-08, -1.57},
RPY {-1.5708, -4.87609e-20, -1.57},RPY {-1.5708, -4.87609e-20, -1.57},RPY {-1.5708, 4.55164e-08, -1.57},
RPY {-1.5708, -4.87609e-20, -1.57},RPY {-1.5708, -4.87609e-20, -1.57},RPY {-1.5708, 4.55164e-08, -1.57},
RPY {-1.5708, -4.87609e-20, -1.57},RPY {-1.5708, -4.87609e-20, -1.57},RPY {-1.5708, 4.55164e-08, -1.57},
RPY {-1.5708, -4.87609e-20, -1.57},RPY {-1.5708, -4.87609e-20, -1.57},RPY {-1.5708, 4.55164e-08, -1.57},
RPY {-1.5708, -4.87609e-20, -1.57},RPY {-1.5708, -4.87609e-20, -1.57},RPY {-1.5708, 4.55164e-08, -1.57},
RPY {-1.5708, -4.87609e-20, -1.57},RPY {-1.5708, -4.87609e-20, -1.57},RPY {-1.5708, 4.55164e-08, -1.57},
RPY {-1.5708, -4.87609e-20, -1.57},RPY {-1.5708, -4.87609e-20, -1.57},RPY {-1.5708, 4.55164e-08, -1.57},
RPY {-1.5708, -4.87609e-20, -1.57},RPY {-1.5708, -4.87609e-20, -1.57},RPY {-1.5708, 4.55164e-08, -1.57},
RPY {-1.5708, -4.87609e-20, -1.57},RPY {-1.5708, -4.87609e-20, -1.57},RPY {-1.5708, 4.55164e-08, -1.57},
RPY {-1.5708, -4.87609e-20, -1.57},RPY {-1.5708, -4.87609e-20, -1.57},RPY {-1.5708, 4.55164e-08, -1.57},
RPY {-1.5708, -4.87609e-20, -1.57},RPY {-1.5708, -4.87609e-20, -1.57},RPY {-1.5708, 4.55164e-08, -1.57},
RPY {-1.5708, -4.87609e-20, -1.57},RPY {-1.5708, -4.87609e-20, -1.57},RPY {-1.5708, 4.55164e-08, -1.57},
RPY {-1.5708, -4.87609e-20, -1.57},RPY {-1.5708, -4.87609e-20, -1.57},RPY {-1.5708, 4.55164e-08, -1.57},
RPY {-1.5708, -4.87609e-20, -1.57},RPY {-1.5708, -4.87609e-20, -1.57},RPY {-1.5708, 4.55164e-08, -1.57},
RPY {-1.5708, -4.87609e-20, -1.57},RPY {-1.5708, -4.87609e-20, -1.57},RPY {-1.5708, 4.55164e-08, -1.57},
RPY {-1.5708, -4.87609e-20, -1.57},RPY {-1.5708, -4.87609e-20, -1.57},RPY {-1.5708, 4.55164e-08, -1.57},
RPY {-1.5708, -4.87609e-20, -1.57},RPY {-1.5708, -4.87609e-20, -1.57},RPY {-1.5708, 4.55164e-08, -1.57},
RPY {-1.5708, -4.87609e-20, -1.57},RPY {-1.5708, -4.87609e-20, -1.57},RPY {-1.5708, 4.55164e-08, -1.57},
RPY {-1.5708, -4.87609e-20, -1.57},RPY {-1.5708, -4.87609e-20, -1.57},RPY {-1.5708, 4.55164e-08, -1.57},
RPY {-1.5708, -4.87609e-20, -1.57},RPY {-1.5708, -4.87609e-20, -1.57},RPY {-1.5708, 4.55164e-08, -1.57},
RPY {-1.5708, -4.87609e-20, -1.57},RPY {-1.5708, -4.87609e-20, -1.57},RPY {-1.5708, 4.55164e-08, -1.57},
RPY {-1.5708, -4.87609e-20, -1.57},RPY {-1.5708, -4.87609e-20, -1.57},RPY {-1.5708, 4.55164e-08, -1.57},
RPY {-1.5708, -4.87609e-20, -1.57},RPY {-1.5708, -4.87609e-20, -1.57},RPY {-1.5708, 4.55164e-08, -1.57},
RPY {-1.5708, -4.87609e-20, -1.57},RPY {-1.5708, -4.87609e-20, -1.57},RPY {-1.5708, 4.55164e-08, -1.57},
RPY {-1.5708, -4.87609e-20, -1.57},RPY {-1.5708, -4.87609e-20, -1.57},RPY {-1.5708, 4.55164e-08, -1.57},
RPY {-1.5708, -4.87609e-20, -1.57},RPY {-1.5708, -4.87609e-20, -1.57},RPY {-1.5708, 4.55164e-08, -1.57},
RPY {-1.5708, -4.87609e-20, -1.57},RPY {-1.5708, -4.87609e-20, -1.57},RPY {-1.5708, 4.55164e-08, -1.57},
RPY {-1.5708, -4.87609e-20, -1.57},RPY {-1.5708, -4.87609e-20, -1.57},RPY {-1.5708, 4.55164e-08, -1.57},
RPY {-1.5708, -4.87609e-20, -1.57},RPY {-1.5708, -4.87609e-20, -1.57},RPY {-1.5708, 4.55164e-08, -1.57},
RPY {-1.5708, -4.87609e-20, -1.57},RPY {-1.5708, -4.87609e-20, -1.57},RPY {-1.5708, 4.55164e-08, -1.57},
RPY {-1.5708, -4.87609e-20, -1.57},RPY {-1.5708, -4.87609e-20, -1.57},RPY {-1.5708, 4.55164e-08, -1.57},
RPY {-1.5708, -4.87609e-20, -1.57},RPY {-1.5708, -4.87609e-20, -1.57},RPY {-1.5708, 4.55164e-08, -1.57},
RPY {-1.5708, -4.87609e-20, -1.57},RPY {-1.5708, -4.87609e-20, -1.57},RPY {-1.5708, 4.55164e-08, -1.57},
RPY {-1.5708, -4.87609e-20, -1.57},RPY {-1.5708, -4.87609e-20, -1.57},RPY {-1.5708, 4.55164e-08, -1.57},
RPY {-1.5708, -4.87609e-20, -1.57},RPY {-1.5708, -4.87609e-20, -1.57},RPY {-1.5708, 4.55164e-08, -1.57},
RPY {-1.5708, -4.87609e-20, -1.57},RPY {-1.5708, -4.87609e-20, -1.57},RPY {-1.5708, 4.55164e-08, -1.57},
RPY {-1.5708, -4.87609e-20, -1.57},RPY {-1.5708, -4.87609e-20, -1.57},RPY {-1.5708, 4.55164e-08, -1.57},
RPY {-1.5708, -4.87609e-20, -1.57},RPY {-1.5708, -4.87609e-20, -1.57},RPY {-1.5708, 4.55164e-08, -1.57},
RPY {-1.5708, -4.87609e-20, -1.57},RPY {-1.5708, -4.87609e-20, -1.57},RPY {-1.5708, 4.55164e-08, -1.57},
RPY {-1.5708, -4.87609e-20, -1.57},RPY {-1.5708, -4.87609e-20, -1.57},RPY {-1.5708, 4.55164e-08, -1.57},
RPY {-1.5708, -4.87609e-20, -1.57},RPY {-1.5708, -4.87609e-20, -1.57},RPY {-1.5708, 4.55164e-08, -1.57},
RPY {-1.5708, -4.87609e-20, -1.57},RPY {-1.5708, -4.87609e-20, -1.57},RPY {-1.5708, 4.55164e-08, -1.57},
RPY {-1.5708, -4.87609e-20, -1.57},RPY {-1.5708, -4.87609e-20, -1.57},RPY {-1.5708, 4.55164e-08, -1.57},
RPY {-1.5708, -4.87609e-20, -1.57},RPY {-1.5708, -4.87609e-20, -1.57},RPY {-1.5708, 4.55164e-08, -1.57},
RPY {-1.5708, -4.87609e-20, -1.57},RPY {-1.5708, -4.87609e-20, -1.57},RPY {-1.5708, 4.55164e-08, -1.57},
RPY {-1.5708, -4.87609e-20, -1.57},RPY {-1.5708, -4.87609e-20, -1.57},RPY {-1.5708, 4.55164e-08, -1.57},
RPY {-1.5708, -4.87609e-20, -1.57},RPY {-1.5708, -4.87609e-20, -1.57},RPY {-1.5708, 4.55164e-08, -1.57},
RPY {-1.5708, -4.87609e-20, -1.57},RPY {-1.5708, -4.87609e-20, -1.57},RPY {-1.5708, 4.55164e-08, -1.57},
RPY {-1.5708, -4.87609e-20, -1.57},RPY {-1.5708, -4.87609e-20, -1.57},RPY {-1.5708, 4.55164e-08, -1.57},
RPY {-1.5708, -4.87609e-20, -1.57},RPY {-1.5708, -4.87609e-20, -1.57},RPY {-1.5708, 4.55164e-08, -1.57},
RPY {-1.5708, -4.87609e-20, -1.57},RPY {-1.5708, -4.87609e-20, -1.57},RPY {-1.5708, 4.55164e-08, -1.57},
RPY {-1.5708, -4.87609e-20, -1.57},RPY {-1.5708, -4.87609e-20, -1.57},RPY {-1.5708, 4.55164e-08, -1.57},
RPY {-1.5708, -4.87609e-20, -1.57},RPY {-1.5708, -4.87609e-20, -1.57},RPY {-1.5708, 4.55164e-08, -1.57},
RPY {-1.5708, -4.87609e-20, -1.57},RPY {-1.5708, -4.87609e-20, -1.57},RPY {-1.5708, 4.55164e-08, -1.57},
RPY {-1.5708, -4.87609e-20, -1.57},RPY {-1.5708, -4.87609e-20, -1.57},RPY {-1.5708, 4.55164e-08, -1.57},
RPY {-1.5708, -4.87609e-20, -1.57},RPY {-1.5708, -4.87609e-20, -1.57},RPY {-1.5708, 4.55164e-08, -1.57},
RPY {-1.5708, -4.87609e-20, -1.57},RPY {-1.5708, -4.87609e-20, -1.57},RPY {-1.5708, 4.55164e-08, -1.57},
RPY {-1.5708, -4.87609e-20, -1.57},RPY {-1.5708, -4.87609e-20, -1.57},RPY {-1.5708, 4.55164e-08, -1.57},
RPY {-1.5708, -4.87609e-20, -1.57},RPY {-1.5708, -4.87609e-20, -1.57},RPY {-1.5708, 4.55164e-08, -1.57},
RPY {-1.5708, -4.87609e-20, -1.57},RPY {-1.5708, -4.87609e-20, -1.57},RPY {-1.5708, 4.55164e-08, -1.57},
RPY {-1.5708, -4.87609e-20, -1.57},RPY {-1.5708, -4.87609e-20, -1.57},RPY {-1.5708, 4.55164e-08, -1.57},
RPY {-1.5708, -4.87609e-20, -1.57},RPY {-1.5708, -4.87609e-20, -1.57},RPY {-1.5708, 4.55164e-08, -1.57},
RPY {-1.5708, -4.87609e-20, -1.57},RPY {-1.5708, -4.87609e-20, -1.57},RPY {-1.5708, 4.55164e-08, -1.57},
RPY {-1.5708, -4.87609e-20, -1.57},RPY {-1.5708, -4.87609e-20, -1.57},RPY {-1.5708, 4.55164e-08, -1.57},
RPY {-1.5708, -4.87609e-20, -1.57},RPY {-1.5708, -4.87609e-20, -1.57},RPY {-1.5708, 4.55164e-08, -1.57},
RPY {-1.5708, -4.87609e-20, -1.57},RPY {-1.5708, -4.87609e-20, -1.57},RPY {-1.5708, 4.55164e-08, -1.57},
RPY {-1.5708, -4.87609e-20, -1.57},RPY {-1.5708, -4.87609e-20, -1.57},RPY {-1.5708, 4.55164e-08, -1.57},
RPY {-1.5708, -4.87609e-20, -1.57},RPY {-1.5708, -4.87609e-20, -1.57},RPY {-1.5708, 4.55164e-08, -1.57},
RPY {-1.5708, -4.87609e-20, -1.57},RPY {-1.5708, -4.87609e-20, -1.57},RPY {-1.5708, 4.55164e-08, -1.57},
RPY {-1.5708, -4.87609e-20, -1.57},RPY {-1.5708, -4.87609e-20, -1.57},RPY {-1.5708, 4.55164e-08, -1.57},
RPY {-1.5708, -4.87609e-20, -1.57},RPY {-1.5708, -4.87609e-20, -1.57},RPY {-1.5708, 4.55164e-08, -1.57},
RPY {-1.5708, -4.87609e-20, -1.57},RPY {-1.5708, -4.87609e-20, -1.57},RPY {-1.5708, 4.55164e-08, -1.57},
RPY {-1.5708, -4.87609e-20, -1.57},RPY {-1.5708, -4.87609e-20, -1.57},RPY {-1.5708, 4.55164e-08, -1.57},
RPY {-1.5708, -4.87609e-20, -1.57},RPY {-1.5708, -4.87609e-20, -1.57},RPY {-1.5708, 4.55164e-08, -1.57},
RPY {-1.5708, -4.87609e-20, -1.57},RPY {-1.5708, -4.87609e-20, -1.57},RPY {-1.5708, 4.55164e-08, -1.57},
RPY {-1.5708, -4.87609e-20, -1.57},RPY {-1.5708, -4.87609e-20, -1.57},RPY {-1.5708, 4.55164e-08, -1.57},
RPY {-1.5708, -4.87609e-20, -1.57},RPY {-1.5708, -4.87609e-20, -1.57},RPY {-1.5708, 4.55164e-08, -1.57},
RPY {-1.5708, -4.87609e-20, -1.57},RPY {-1.5708, -4.87609e-20, -1.57},RPY {-1.5708, 4.55164e-08, -1.57},
RPY {-1.5708, -4.87609e-20, -1.57},RPY {-1.5708, -4.87609e-20, -1.57},RPY {-1.5708, 4.55164e-08, -1.57},
RPY {-1.5708, -4.87609e-20, -1.57},RPY {-1.5708, -4.87609e-20, -1.57},RPY {-1.5708, 4.55164e-08, -1.57},
RPY {-1.5708, -4.87609e-20, -1.57},RPY {-1.5708, -4.87609e-20, -1.57},RPY {-1.5708, 4.55164e-08, -1.57},
RPY {-1.5708, -4.87609e-20, -1.57},RPY {-1.5708, -4.87609e-20, -1.57},RPY {-1.5708, 4.55164e-08, -1.57},
RPY {-1.5708, -4.87609e-20, -1.57},RPY {-1.5708, -4.87609e-20, -1.57},RPY {-1.5708, 4.55164e-08, -1.57},
RPY {-1.5708, -4.87609e-20, -1.57},RPY {-1.5708, -4.87609e-20, -1.57},RPY {-1.5708, 4.55164e-08, -1.57},
RPY {-1.5708, -4.87609e-20, -1.57},RPY {-1.5708, -4.87609e-20, -1.57},RPY {-1.5708, 4.55164e-08, -1.57},
RPY {-1.5708, -4.87609e-20, -1.57},RPY {-1.5708, -4.87609e-20, -1.57},RPY {-1.5708, 4.55164e-08, -1.57},
RPY {-1.5708, -4.87609e-20, -1.57},RPY {-1.5708, -4.87609e-20, -1.57},RPY {-1.5708, 4.55164e-08, -1.57},
RPY {-1.5708, -4.87609e-20, -1.57},RPY {-1.5708, -4.87609e-20, -1.57},RPY {-1.5708, 4.55164e-08, -1.57},
RPY {-1.5708, -4.87609e-20, -1.57},RPY {-1.5708, -4.87609e-20, -1.57},RPY {-1.5708, 4.55164e-08, -1.57},
RPY {-1.5708, -4.87609e-20, -1.57},RPY {-1.5708, -4.87609e-20, -1.57},RPY {-1.5708, 4.55164e-08, -1.57},
RPY {-1.5708, -4.87609e-20, -1.57},RPY {-1.5708, -4.87609e-20, -1.57},RPY {-1.5708, 4.55164e-08, -1.57},
RPY {-1.5708, -4.87609e-20, -1.57},RPY {-1.5708, -4.87609e-20, -1.57},RPY {-1.5708, 4.55164e-08, -1.57},
RPY {-1.5708, -4.87609e-20, -1.57},RPY {-1.5708, -4.87609e-20, -1.57},RPY {-1.5708, 4.55164e-08, -1.57},
RPY {-1.5708, -4.87609e-20, -1.57},RPY {-1.5708, -4.87609e-20, -1.57},RPY {-1.5708, 4.55164e-08, -1.57},
RPY {-1.5708, -4.87609e-20, -1.57},RPY {-1.5708, -4.87609e-20, -1.57},RPY {-1.5708, 4.55164e-08, -1.57},
RPY {-1.5708, -4.87609e-20, -1.57},RPY {-1.5708, -4.87609e-20, -1.57},RPY {-1.5708, 4.55164e-08, -1.57},
RPY {-1.5708, -4.87609e-20, -1.57},RPY {-1.5708, -4.87609e-20, -1.57},RPY {-1.5708, 4.55164e-08, -1.57},
RPY {-1.5708, -4.87609e-20, -1.57},RPY {-1.5708, -4.87609e-20, -1.57},RPY {-1.5708, 4.55164e-08, -1.57},
RPY {-1.5708, -4.87609e-20, -1.57},RPY {-1.5708, -4.87609e-20, -1.57},RPY {-1.5708, 4.55164e-08, -1.57},
RPY {-1.5708, -4.87609e-20, -1.57},RPY {-1.5708, -4.87609e-20, -1.57},RPY {-1.5708, 4.55164e-08, -1.57},
RPY {-1.5708, -4.87609e-20, -1.57},RPY {-1.5708, -4.87609e-20, -1.57},RPY {-1.5708, 4.55164e-08, -1.57},
RPY {-1.5708, -4.87609e-20, -1.57},RPY {-1.5708, -4.87609e-20, -1.57},RPY {-1.5708, 4.55164e-08, -1.57},
RPY {-1.5708, -4.87609e-20, -1.57},RPY {-1.5708, -4.87609e-20, -1.57},RPY {-1.5708, 4.55164e-08, -1.57},
RPY {-1.5708, -4.87609e-20, -1.57},RPY {-1.5708, -4.87609e-20, -1.57},RPY {-1.5708, 4.55164e-08, -1.57},
RPY {-1.5708, -4.87609e-20, -1.57},RPY {-1.5708, -4.87609e-20, -1.57},RPY {-1.5708, 4.55164e-08, -1.57},
RPY {-1.5708, -4.87609e-20, -1.57},RPY {-1.5708, -4.87609e-20, -1.57},RPY {-1.5708, 4.55164e-08, -1.57},
RPY {-1.5708, -4.87609e-20, -1.57},RPY {-1.5708, -4.87609e-20, -1.57},RPY {-1.5708, 4.55164e-08, -1.57},
RPY {-1.5708, -4.87609e-20, -1.57},RPY {-1.5708, -4.87609e-20, -1.57},RPY {-1.5708, 4.55164e-08, -1.57},
RPY {-1.5708, -4.87609e-20, -1.57},RPY {-1.5708, -4.87609e-20, -1.57},RPY {-1.5708, 4.55164e-08, -1.57},
RPY {-1.5708, -4.87609e-20, -1.57},RPY {-1.5708, -4.87609e-20, -1.57},RPY {-1.5708, 4.55164e-08, -1.57},
RPY {-1.5708, -4.87609e-20, -1.57},RPY {-1.5708, -4.87609e-20, -1.57},RPY {-1.5708, 4.55164e-08, -1.57},
RPY {-1.5708, -4.87609e-20, -1.57},RPY {-1.5708, -4.87609e-20, -1.57},RPY {-1.5708, 4.55164e-08, -1.57},
RPY {-1.5708, -4.87609e-20, -1.57},RPY {-1.5708, -4.87609e-20, -1.57},RPY {-1.5708, 4.55164e-08, -1.57},
RPY {-1.5708, -4.87609e-20, -1.57},RPY {-1.5708, -4.87609e-20, -1.57},RPY {-1.5708, 4.55164e-08, -1.57},
RPY {-1.5708, -4.87609e-20, -1.57},RPY {-1.5708, -4.87609e-20, -1.57},RPY {-1.5708, 4.55164e-08, -1.57},
RPY {-1.5708, -4.87609e-20, -1.57},RPY {-1.5708, -4.87609e-20, -1.57},RPY {-1.5708, 4.55164e-08, -1.57},
RPY {-1.5708, -4.87609e-20, -1.57},RPY {-1.5708, -4.87609e-20, -1.57},RPY {-1.5708, 4.55164e-08, -1.57},
RPY {-1.5708, -4.87609e-20, -1.57},RPY {-1.5708, -4.87609e-20, -1.57},RPY {-1.5708, 4.55164e-08, -1.57},
RPY {-1.5708, -4.87609e-20, -1.57},RPY {-1.5708, -4.87609e-20, -1.57},RPY {-1.5708, 4.55164e-08, -1.57},
RPY {-1.5708, -4.87609e-20, -1.57},RPY {-1.5708, -4.87609e-20, -1.57},RPY {-1.5708, 4.55164e-08, -1.57},
RPY {-1.5708, -4.87609e-20, -1.57},RPY {-1.5708, -4.87609e-20, -1.57},RPY {-1.5708, 4.55164e-08, -1.57},
RPY {-1.5708, -4.87609e-20, -1.57},RPY {-1.5708, -4.87609e-20, -1.57},RPY {-1.5708, 4.55164e-08, -1.57},
RPY {-1.5708, -4.87609e-20, -1.57},RPY {-1.5708, -4.87609e-20, -1.57},RPY {-1.5708, 4.55164e-08, -1.57},
RPY {-1.5708, -4.87609e-20, -1.57},RPY {-1.5708, -4.87609e-20, -1.57},RPY {-1.5708, 4.55164e-08, -1.57},
RPY {-1.5708, -4.87609e-20, -1.57},RPY {-1.5708, -4.87609e-20, -1.57},RPY {-1.5708, 4.55164e-08, -1.57},
RPY {-1.5708, -4.87609e-20, -1.57},RPY {-1.5708, -4.87609e-20, -1.57},RPY {-1.5708, 4.55164e-08, -1.57},
RPY {-1.5708, -4.87609e-20, -1.57},RPY {-1.5708, -4.87609e-20, -1.57},RPY {-1.5708, 4.55164e-08, -1.57},
RPY {-1.5708, -4.87609e-20, -1.57},RPY {-1.5708, -4.87609e-20, -1.57},RPY {-1.5708, 4.55164e-08, -1.57},
RPY {-1.5708, -4.87609e-20, -1.57},RPY {-1.5708, -4.87609e-20, -1.57},RPY {-1.5708, 4.55164e-08, -1.57},
RPY {-1.5708, -4.87609e-20, -1.57},RPY {-1.5708, -4.87609e-20, -1.57},RPY {-1.5708, 4.55164e-08, -1.57},
RPY {-1.5708, -4.87609e-20, -1.57},RPY {-1.5708, -4.87609e-20, -1.57},RPY {-1.5708, 4.55164e-08, -1.57},
RPY {-1.5708, -4.87609e-20, -1.57},RPY {-1.5708, -4.87609e-20, -1.57},RPY {-1.5708, 4.55164e-08, -1.57},
RPY {-1.5708, -4.87609e-20, -1.57},RPY {-1.5708, -4.87609e-20, -1.57},RPY {-1.5708, 4.55164e-08, -1.57},
RPY {-1.5708, -4.87609e-20, -1.57},RPY {-1.5708, -4.87609e-20, -1.57},RPY {-1.5708, 4.55164e-08, -1.57},
RPY {-1.5708, -4.87609e-20, -1.57},RPY {-1.5708, -4.87609e-20, -1.57},RPY {-1.5708, 4.55164e-08, -1.57},
RPY {-1.5708, -4.87609e-20, -1.57},RPY {-1.5708, -4.87609e-20, -1.57},RPY {-1.5708, 4.55164e-08, -1.57},
RPY {-1.5708, -4.87609e-20, -1.57},RPY {-1.5708, -4.87609e-20, -1.57},RPY {-1.5708, 4.55164e-08, -1.57},
RPY {-1.5708, -4.87609e-20, -1.57},RPY {-1.5708, -4.87609e-20, -1.57},RPY {-1.5708, 4.55164e-08, -1.57},
RPY {-1.5708, -4.87609e-20, -1.57},RPY {-1.5708, -4.87609e-20, -1.57},RPY {-1.5708, 4.55164e-08, -1.57},
RPY {-1.5708, -4.87609e-20, -1.57},RPY {-1.5708, -4.87609e-20, -1.57},RPY {-1.5708, 4.55164e-08, -1.57},
RPY {-1.5708, -4.87609e-20, -1.57},RPY {-1.5708, -4.87609e-20, -1.57},RPY {-1.5708, 4.55164e-08, -1.57},
RPY {-1.5708, -4.87609e-20, -1.57},RPY {-1.5708, -4.87609e-20, -1.57},RPY {-1.5708, 4.55164e-08, -1.57},
RPY {-1.5708, -4.87609e-20, -1.57},RPY {-1.5708, -4.87609e-20, -1.57},RPY {-1.5708, 4.55164e-08, -1.57},
RPY {-1.5708, -4.87609e-20, -1.57},RPY {-1.5708, -4.87609e-20, -1.57},RPY {-1.5708, 4.55164e-08, -1.57},
RPY {-1.5708, -4.87609e-20, -1.57},RPY {-1.5708, -4.87609e-20, -1.57},RPY {-1.5708, 4.55164e-08, -1.57},
RPY {-1.5708, -4.87609e-20, -1.57},RPY {-1.5708, -4.87609e-20, -1.57},RPY {-1.5708, 4.55164e-08, -1.57},
RPY {-1.5708, -4.87609e-20, -1.57},RPY {-1.5708, -4.87609e-20, -1.57},RPY {-1.5708, 4.55164e-08, -1.57},
RPY {-1.5708, -4.87609e-20, -1.57},RPY {-1.5708, -4.87609e-20, -1.57},RPY {-1.5708, 4.55164e-08, -1.57},
RPY {-1.5708, -4.87609e-20, -1.57},RPY {-1.5708, -4.87609e-20, -1.57},RPY {-1.5708, 4.55164e-08, -1.57},
RPY {-1.5708, -4.87609e-20, -1.57},RPY {-1.5708, -4.87609e-20, -1.57},RPY {-1.5708, 4.55164e-08, -1.57},
RPY {-1.5708, -4.87609e-20, -1.57},RPY {-1.5708, -4.87609e-20, -1.57},RPY {-1.5708, 4.55164e-08, -1.57},
RPY {-1.5708, -4.87609e-20, -1.57},RPY {-1.5708, -4.87609e-20, -1.57},RPY {-1.5708, 4.55164e-08, -1.57},
RPY {-1.5708, -4.87609e-20, -1.57},RPY {-1.5708, -4.87609e-20, -1.57},RPY {-1.5708, 4.55164e-08, -1.57},
RPY {-1.5708, -4.87609e-20, -1.57},RPY {-1.5708, -4.87609e-20, -1.57},RPY {-1.5708, 4.55164e-08, -1.57},
RPY {-1.5708, -4.87609e-20, -1.57},RPY {-1.5708, -4.87609e-20, -1.57},RPY {-1.5708, 4.55164e-08, -1.57},
RPY {-1.5708, -4.87609e-20, -1.57},RPY {-1.5708, -4.87609e-20, -1.57},RPY {-1.5708, 4.55164e-08, -1.57},
RPY {-1.5708, -4.87609e-20, -1.57},RPY {-1.5708, -4.87609e-20, -1.57},RPY {-1.5708, 4.55164e-08, -1.57},
RPY {-1.5708, -4.87609e-20, -1.57},RPY {-1.5708, -4.87609e-20, -1.57},RPY {-1.5708, 4.55164e-08, -1.57},
RPY {-1.5708, -4.87609e-20, -1.57},RPY {-1.5708, -4.87609e-20, -1.57},RPY {-1.5708, 4.55164e-08, -1.57},
RPY {-1.5708, -4.87609e-20, -1.57},RPY {-1.5708, -4.87609e-20, -1.57},RPY {-1.5708, 4.55164e-08, -1.57},
RPY {-1.5708, -4.87609e-20, -1.57},RPY {-1.5708, -4.87609e-20, -1.57},RPY {-1.5708, 4.55164e-08, -1.57},
RPY {-1.5708, -4.87609e-20, -1.57},RPY {-1.5708, -4.87609e-20, -1.57},RPY {-1.5708, 4.55164e-08, -1.57},
RPY {-1.5708, -4.87609e-20, -1.57},RPY {-1.5708, -4.87609e-20, -1.57},RPY {-1.5708, 4.55164e-08, -1.57},
RPY {-1.5708, -4.87609e-20, -1.57},RPY {-1.5708, -4.87609e-20, -1.57},RPY {-1.5708, 4.55164e-08, -1.57},
RPY {-1.5708, -4.87609e-20, -1.57},RPY {-1.5708, -4.87609e-20, -1.57},RPY {-1.5708, 4.55164e-08, -1.57},
RPY {-1.5708, -4.87609e-20, -1.57},RPY {-1.5708, -4.87609e-20, -1.57},RPY {-1.5708, 4.55164e-08, -1.57},
RPY {-1.5708, -4.87609e-20, -1.57},RPY {-1.5708, -4.87609e-20, -1.57},RPY {-1.5708, 4.55164e-08, -1.57},
RPY {-1.5708, -4.87609e-20, -1.57},RPY {-1.5708, -4.87609e-20, -1.57},RPY {-1.5708, 4.55164e-08, -1.57},
RPY {-1.5708, -4.87609e-20, -1.57},RPY {-1.5708, -4.87609e-20, -1.57},RPY {-1.5708, 4.55164e-08, -1.57},
RPY {-1.5708, -4.87609e-20, -1.57},RPY {-1.5708, -4.87609e-20, -1.57},RPY {-1.5708, 4.55164e-08, -1.57},
RPY {-1.5708, -4.87609e-20, -1.57},RPY {-1.5708, -4.87609e-20, -1.57},RPY {-1.5708, 4.55164e-08, -1.57},
RPY {-1.5708, -4.87609e-20, -1.57},RPY {-1.5708, -4.87609e-20, -1.57},RPY {-1.5708, 4.55164e-08, -1.57},
RPY {-1.5708, -4.87609e-20, -1.57},RPY {-1.5708, -4.87609e-20, -1.57},RPY {-1.5708, 4.55164e-08, -1.57},
RPY {-1.5708, -4.87609e-20, -1.57},RPY {-1.5708, -4.87609e-20, -1.57},RPY {-1.5708, 4.55164e-08, -1.57},
RPY {-1.5708, -4.87609e-20, -1.57},RPY {-1.5708, -4.87609e-20, -1.57},RPY {-1.5708, 4.55164e-08, -1.57},
RPY {-1.5708, -4.87609e-20, -1.57},RPY {-1.5708, -4.87609e-20, -1.57},RPY {-1.5708, 4.55164e-08, -1.57},
RPY {-1.5708, -4.87609e-20, -1.57},RPY {-1.5708, -4.87609e-20, -1.57},RPY {-1.5708, 4.55164e-08, -1.57},
RPY {-1.5708, -4.87609e-20, -1.57},RPY {-1.5708, -4.87609e-20, -1.57},RPY {-1.5708, 4.55164e-08, -1.57},
RPY {-1.5708, -4.87609e-20, -1.57},RPY {-1.5708, -4.87609e-20, -1.57},RPY {-1.5708, 4.55164e-08, -1.57},
RPY {-1.5708, -4.87609e-20, -1.57},RPY {-1.5708, -4.87609e-20, -1.57},RPY {-1.5708, 4.55164e-08, -1.57},
RPY {-1.5708, -4.87609e-20, -1.57},RPY {-1.5708, -4.87609e-20, -1.57},RPY {-1.5708, 4.55164e-08, -1.57},
RPY {-1.5708, -4.87609e-20, -1.57},RPY {-1.5708, -4.87609e-20, -1.57},RPY {-1.5708, 4.55164e-08, -1.57},
RPY {-1.5708, -4.87609e-20, -1.57},RPY {-1.5708, -4.87609e-20, -1.57},RPY {-1.5708, 4.55164e-08, -1.57},
RPY {-1.5708, -4.87609e-20, -1.57},RPY {-1.5708, -4.87609e-20, -1.57},RPY {-1.5708, 4.55164e-08, -1.57},
RPY {-1.5708, -4.87609e-20, -1.57},RPY {-1.5708, -4.87609e-20, -1.57},RPY {-1.5708, 4.55164e-08, -1.57},
RPY {-1.5708, -4.87609e-20, -1.57},RPY {-1.5708, -4.87609e-20, -1.57},RPY {-1.5708, 4.55164e-08, -1.57},
RPY {-1.5708, -4.87609e-20, -1.57},RPY {-1.5708, -4.87609e-20, -1.57},RPY {-1.5708, 4.55164e-08, -1.57},
RPY {-1.5708, -4.87609e-20, -1.57},RPY {-1.5708, -4.87609e-20, -1.57},RPY {-1.5708, 4.55164e-08, -1.57},
RPY {-1.5708, -4.87609e-20, -1.57},RPY {-1.5708, -4.87609e-20, -1.57},RPY {-1.5708, 4.55164e-08, -1.57},
RPY {-1.5708, -4.87609e-20, -1.57},RPY {-1.5708, -4.87609e-20, -1.57},RPY {-1.5708, 4.55164e-08, -1.57},
RPY {-1.5708, -4.87609e-20, -1.57},RPY {-1.5708, -4.87609e-20, -1.57},RPY {-1.5708, 4.55164e-08, -1.57},
RPY {-1.5708, -4.87609e-20, -1.57},RPY {-1.5708, -4.87609e-20, -1.57},RPY {-1.5708, 4.55164e-08, -1.57},
RPY {-1.5708, -4.87609e-20, -1.57},RPY {-1.5708, -4.87609e-20, -1.57},RPY {-1.5708, 4.55164e-08, -1.57},
RPY {-1.5708, -4.87609e-20, -1.57},RPY {-1.5708, -4.87609e-20, -1.57},RPY {-1.5708, 4.55164e-08, -1.57},
RPY {-1.5708, -4.87609e-20, -1.57},RPY {-1.5708, -4.87609e-20, -1.57},RPY {-1.5708, 4.55164e-08, -1.57},
RPY {-1.5708, -4.87609e-20, -1.57},RPY {-1.5708, -4.87609e-20, -1.57},RPY {-1.5708, 4.55164e-08, -1.57},
