Vector3D(0.319048, 3.36778e-18, 0.878589),Vector3D(0.319048, 3.36778e-18, 0.878589),Vector3D(0.320029, 0.0314519, 0.877153),
Vector3D(0.319048, 3.36778e-18, 0.878589),Vector3D(0.319048, 3.36778e-18, 0.878589),Vector3D(0.320029, 0.0314519, 0.877153),
Vector3D(0.319048, 3.36778e-18, 0.878589),Vector3D(0.319048, 3.36778e-18, 0.878589),Vector3D(0.320029, 0.0314519, 0.877153),
Vector3D(0.319048, 3.36778e-18, 0.878589),Vector3D(0.319048, 3.36778e-18, 0.878589),Vector3D(0.320029, 0.0314519, 0.877153),
Vector3D(0.319048, 3.36778e-18, 0.878589),Vector3D(0.319048, 3.36778e-18, 0.878589),Vector3D(0.320029, 0.0314519, 0.877153),
Vector3D(0.319048, 3.36778e-18, 0.878589),Vector3D(0.319048, 3.36778e-18, 0.878589),Vector3D(0.320029, 0.0314519, 0.877153),
Vector3D(0.319048, 3.36778e-18, 0.878589),Vector3D(0.319048, 3.36778e-18, 0.878589),Vector3D(0.320029, 0.0314519, 0.877153),
Vector3D(0.319048, 3.36778e-18, 0.878589),Vector3D(0.319048, 3.36778e-18, 0.878589),Vector3D(0.320029, 0.0314519, 0.877153),
Vector3D(0.319048, 3.36778e-18, 0.878589),Vector3D(0.319048, 3.36778e-18, 0.878589),Vector3D(0.320029, 0.0314519, 0.877153),
Vector3D(0.319048, 3.36778e-18, 0.878589),Vector3D(0.319048, 3.36778e-18, 0.878589),Vector3D(0.320029, 0.0314519, 0.877153),
Vector3D(0.319048, 3.36778e-18, 0.878589),Vector3D(0.319048, 3.36778e-18, 0.878589),Vector3D(0.320029, 0.0314519, 0.877153),
Vector3D(0.319048, 3.36778e-18, 0.878589),Vector3D(0.319048, 3.36778e-18, 0.878589),Vector3D(0.320029, 0.0314519, 0.877153),
Vector3D(0.319048, 3.36778e-18, 0.878589),Vector3D(0.319048, 3.36778e-18, 0.878589),Vector3D(0.320029, 0.0314519, 0.877153),
Vector3D(0.319048, 3.36778e-18, 0.878589),Vector3D(0.319048, 3.36778e-18, 0.878589),Vector3D(0.320029, 0.0314519, 0.877153),
Vector3D(0.319048, 3.36778e-18, 0.878589),Vector3D(0.319048, 3.36778e-18, 0.878589),Vector3D(0.320029, 0.0314519, 0.877153),
Vector3D(0.319048, 3.36778e-18, 0.878589),Vector3D(0.319048, 3.36778e-18, 0.878589),Vector3D(0.320029, 0.0314519, 0.877153),
Vector3D(0.319048, 3.36778e-18, 0.878589),Vector3D(0.319048, 3.36778e-18, 0.878589),Vector3D(0.320029, 0.0314519, 0.877153),
Vector3D(0.319048, 3.36778e-18, 0.878589),Vector3D(0.319048, 3.36778e-18, 0.878589),Vector3D(0.320029, 0.0314519, 0.877153),
Vector3D(0.319048, 3.36778e-18, 0.878589),Vector3D(0.319048, 3.36778e-18, 0.878589),Vector3D(0.320029, 0.0314519, 0.877153),
Vector3D(0.319048, 3.36778e-18, 0.878589),Vector3D(0.319048, 3.36778e-18, 0.878589),Vector3D(0.320029, 0.0314519, 0.877153),
Vector3D(0.319048, 3.36778e-18, 0.878589),Vector3D(0.319048, 3.36778e-18, 0.878589),Vector3D(0.320029, 0.0314519, 0.877153),
Vector3D(0.319048, 3.36778e-18, 0.878589),Vector3D(0.319048, 3.36778e-18, 0.878589),Vector3D(0.320029, 0.0314519, 0.877153),
Vector3D(0.319048, 3.36778e-18, 0.878589),Vector3D(0.319048, 3.36778e-18, 0.878589),Vector3D(0.320029, 0.0314519, 0.877153),
Vector3D(0.319048, 3.36778e-18, 0.878589),Vector3D(0.319048, 3.36778e-18, 0.878589),Vector3D(0.320029, 0.0314519, 0.877153),
Vector3D(0.319048, 3.36778e-18, 0.878589),Vector3D(0.319048, 3.36778e-18, 0.878589),Vector3D(0.320029, 0.0314519, 0.877153),
Vector3D(0.319048, 3.36778e-18, 0.878589),Vector3D(0.319048, 3.36778e-18, 0.878589),Vector3D(0.320029, 0.0314519, 0.877153),
Vector3D(0.319048, 3.36778e-18, 0.878589),Vector3D(0.319048, 3.36778e-18, 0.878589),Vector3D(0.320029, 0.0314519, 0.877153),
Vector3D(0.319048, 3.36778e-18, 0.878589),Vector3D(0.319048, 3.36778e-18, 0.878589),Vector3D(0.320029, 0.0314519, 0.877153),
Vector3D(0.319048, 3.36778e-18, 0.878589),Vector3D(0.319048, 3.36778e-18, 0.878589),Vector3D(0.320029, 0.0314519, 0.877153),
Vector3D(0.319048, 3.36778e-18, 0.878589),Vector3D(0.319048, 3.36778e-18, 0.878589),Vector3D(0.320029, 0.0314519, 0.877153),
Vector3D(0.319048, 3.36778e-18, 0.878589),Vector3D(0.319048, 3.36778e-18, 0.878589),Vector3D(0.320029, 0.0314519, 0.877153),
Vector3D(0.319048, 3.36778e-18, 0.878589),Vector3D(0.319048, 3.36778e-18, 0.878589),Vector3D(0.320029, 0.0314519, 0.877153),
Vector3D(0.319048, 3.36778e-18, 0.878589),Vector3D(0.319048, 3.36778e-18, 0.878589),Vector3D(0.320029, 0.0314519, 0.877153),
Vector3D(0.319048, 3.36778e-18, 0.878589),Vector3D(0.319048, 3.36778e-18, 0.878589),Vector3D(0.320029, 0.0314519, 0.877153),
Vector3D(0.319048, 3.36778e-18, 0.878589),Vector3D(0.319048, 3.36778e-18, 0.878589),Vector3D(0.320029, 0.0314519, 0.877153),
Vector3D(0.319048, 3.36778e-18, 0.878589),Vector3D(0.319048, 3.36778e-18, 0.878589),Vector3D(0.320029, 0.0314519, 0.877153),
Vector3D(0.319048, 3.36778e-18, 0.878589),Vector3D(0.319048, 3.36778e-18, 0.878589),Vector3D(0.320029, 0.0314519, 0.877153),
Vector3D(0.319048, 3.36778e-18, 0.878589),Vector3D(0.319048, 3.36778e-18, 0.878589),Vector3D(0.320029, 0.0314519, 0.877153),
Vector3D(0.319048, 3.36778e-18, 0.878589),Vector3D(0.319048, 3.36778e-18, 0.878589),Vector3D(0.320029, 0.0314519, 0.877153),
Vector3D(0.319048, 3.36778e-18, 0.878589),Vector3D(0.319048, 3.36778e-18, 0.878589),Vector3D(0.320029, 0.0314519, 0.877153),
Vector3D(0.319048, 3.36778e-18, 0.878589),Vector3D(0.319048, 3.36778e-18, 0.878589),Vector3D(0.320029, 0.0314519, 0.877153),
Vector3D(0.319048, 3.36778e-18, 0.878589),Vector3D(0.319048, 3.36778e-18, 0.878589),Vector3D(0.320029, 0.0314519, 0.877153),
Vector3D(0.319048, 3.36778e-18, 0.878589),Vector3D(0.319048, 3.36778e-18, 0.878589),Vector3D(0.320029, 0.0314519, 0.877153),
Vector3D(0.319048, 3.36778e-18, 0.878589),Vector3D(0.319048, 3.36778e-18, 0.878589),Vector3D(0.320029, 0.0314519, 0.877153),
Vector3D(0.319048, 3.36778e-18, 0.878589),Vector3D(0.319048, 3.36778e-18, 0.878589),Vector3D(0.320029, 0.0314519, 0.877153),
Vector3D(0.319048, 3.36778e-18, 0.878589),Vector3D(0.319048, 3.36778e-18, 0.878589),Vector3D(0.320029, 0.0314519, 0.877153),
Vector3D(0.319048, 3.36778e-18, 0.878589),Vector3D(0.319048, 3.36778e-18, 0.878589),Vector3D(0.320029, 0.0314519, 0.877153),
Vector3D(0.319048, 3.36778e-18, 0.878589),Vector3D(0.319048, 3.36778e-18, 0.878589),Vector3D(0.320029, 0.0314519, 0.877153),
Vector3D(0.319048, 3.36778e-18, 0.878589),Vector3D(0.319048, 3.36778e-18, 0.878589),Vector3D(0.320029, 0.0314519, 0.877153),
Vector3D(0.319048, 3.36778e-18, 0.878589),Vector3D(0.319048, 3.36778e-18, 0.878589),Vector3D(0.320029, 0.0314519, 0.877153),
Vector3D(0.319048, 3.36778e-18, 0.878589),Vector3D(0.319048, 3.36778e-18, 0.878589),Vector3D(0.320029, 0.0314519, 0.877153),
Vector3D(0.319048, 3.36778e-18, 0.878589),Vector3D(0.319048, 3.36778e-18, 0.878589),Vector3D(0.320029, 0.0314519, 0.877153),
Vector3D(0.319048, 3.36778e-18, 0.878589),Vector3D(0.319048, 3.36778e-18, 0.878589),Vector3D(0.320029, 0.0314519, 0.877153),
Vector3D(0.319048, 3.36778e-18, 0.878589),Vector3D(0.319048, 3.36778e-18, 0.878589),Vector3D(0.320029, 0.0314519, 0.877153),
Vector3D(0.319048, 3.36778e-18, 0.878589),Vector3D(0.319048, 3.36778e-18, 0.878589),Vector3D(0.320029, 0.0314519, 0.877153),
Vector3D(0.319048, 3.36778e-18, 0.878589),Vector3D(0.319048, 3.36778e-18, 0.878589),Vector3D(0.320029, 0.0314519, 0.877153),
Vector3D(0.319048, 3.36778e-18, 0.878589),Vector3D(0.319048, 3.36778e-18, 0.878589),Vector3D(0.320029, 0.0314519, 0.877153),
Vector3D(0.319048, 3.36778e-18, 0.878589),Vector3D(0.319048, 3.36778e-18, 0.878589),Vector3D(0.320029, 0.0314519, 0.877153),
Vector3D(0.319048, 3.36778e-18, 0.878589),Vector3D(0.319048, 3.36778e-18, 0.878589),Vector3D(0.320029, 0.0314519, 0.877153),
Vector3D(0.319048, 3.36778e-18, 0.878589),Vector3D(0.319048, 3.36778e-18, 0.878589),Vector3D(0.320029, 0.0314519, 0.877153),
Vector3D(0.319048, 3.36778e-18, 0.878589),Vector3D(0.319048, 3.36778e-18, 0.878589),Vector3D(0.320029, 0.0314519, 0.877153),
Vector3D(0.319048, 3.36778e-18, 0.878589),Vector3D(0.319048, 3.36778e-18, 0.878589),Vector3D(0.320029, 0.0314519, 0.877153),
Vector3D(0.319048, 3.36778e-18, 0.878589),Vector3D(0.319048, 3.36778e-18, 0.878589),Vector3D(0.320029, 0.0314519, 0.877153),
Vector3D(0.319048, 3.36778e-18, 0.878589),Vector3D(0.319048, 3.36778e-18, 0.878589),Vector3D(0.320029, 0.0314519, 0.877153),
Vector3D(0.319048, 3.36778e-18, 0.878589),Vector3D(0.319048, 3.36778e-18, 0.878589),Vector3D(0.320029, 0.0314519, 0.877153),
Vector3D(0.319048, 3.36778e-18, 0.878589),Vector3D(0.319048, 3.36778e-18, 0.878589),Vector3D(0.320029, 0.0314519, 0.877153),
Vector3D(0.319048, 3.36778e-18, 0.878589),Vector3D(0.319048, 3.36778e-18, 0.878589),Vector3D(0.320029, 0.0314519, 0.877153),
Vector3D(0.319048, 3.36778e-18, 0.878589),Vector3D(0.319048, 3.36778e-18, 0.878589),Vector3D(0.320029, 0.0314519, 0.877153),
Vector3D(0.319048, 3.36778e-18, 0.878589),Vector3D(0.319048, 3.36778e-18, 0.878589),Vector3D(0.320029, 0.0314519, 0.877153),
Vector3D(0.319048, 3.36778e-18, 0.878589),Vector3D(0.319048, 3.36778e-18, 0.878589),Vector3D(0.320029, 0.0314519, 0.877153),
Vector3D(0.319048, 3.36778e-18, 0.878589),Vector3D(0.319048, 3.36778e-18, 0.878589),Vector3D(0.320029, 0.0314519, 0.877153),
Vector3D(0.319048, 3.36778e-18, 0.878589),Vector3D(0.319048, 3.36778e-18, 0.878589),Vector3D(0.320029, 0.0314519, 0.877153),
Vector3D(0.319048, 3.36778e-18, 0.878589),Vector3D(0.319048, 3.36778e-18, 0.878589),Vector3D(0.320029, 0.0314519, 0.877153),
Vector3D(0.319048, 3.36778e-18, 0.878589),Vector3D(0.319048, 3.36778e-18, 0.878589),Vector3D(0.320029, 0.0314519, 0.877153),
Vector3D(0.319048, 3.36778e-18, 0.878589),Vector3D(0.319048, 3.36778e-18, 0.878589),Vector3D(0.320029, 0.0314519, 0.877153),
Vector3D(0.319048, 3.36778e-18, 0.878589),Vector3D(0.319048, 3.36778e-18, 0.878589),Vector3D(0.320029, 0.0314519, 0.877153),
Vector3D(0.319048, 3.36778e-18, 0.878589),Vector3D(0.319048, 3.36778e-18, 0.878589),Vector3D(0.320029, 0.0314519, 0.877153),
Vector3D(0.319048, 3.36778e-18, 0.878589),Vector3D(0.319048, 3.36778e-18, 0.878589),Vector3D(0.320029, 0.0314519, 0.877153),
Vector3D(0.319048, 3.36778e-18, 0.878589),Vector3D(0.319048, 3.36778e-18, 0.878589),Vector3D(0.320029, 0.0314519, 0.877153),
Vector3D(0.319048, 3.36778e-18, 0.878589),Vector3D(0.319048, 3.36778e-18, 0.878589),Vector3D(0.320029, 0.0314519, 0.877153),
Vector3D(0.319048, 3.36778e-18, 0.878589),Vector3D(0.319048, 3.36778e-18, 0.878589),Vector3D(0.320029, 0.0314519, 0.877153),
Vector3D(0.319048, 3.36778e-18, 0.878589),Vector3D(0.319048, 3.36778e-18, 0.878589),Vector3D(0.320029, 0.0314519, 0.877153),
Vector3D(0.319048, 3.36778e-18, 0.878589),Vector3D(0.319048, 3.36778e-18, 0.878589),Vector3D(0.320029, 0.0314519, 0.877153),
Vector3D(0.319048, 3.36778e-18, 0.878589),Vector3D(0.319048, 3.36778e-18, 0.878589),Vector3D(0.320029, 0.0314519, 0.877153),
Vector3D(0.319048, 3.36778e-18, 0.878589),Vector3D(0.319048, 3.36778e-18, 0.878589),Vector3D(0.320029, 0.0314519, 0.877153),
Vector3D(0.319048, 3.36778e-18, 0.878589),Vector3D(0.319048, 3.36778e-18, 0.878589),Vector3D(0.320029, 0.0314519, 0.877153),
Vector3D(0.319048, 3.36778e-18, 0.878589),Vector3D(0.319048, 3.36778e-18, 0.878589),Vector3D(0.320029, 0.0314519, 0.877153),
Vector3D(0.319048, 3.36778e-18, 0.878589),Vector3D(0.319048, 3.36778e-18, 0.878589),Vector3D(0.320029, 0.0314519, 0.877153),
Vector3D(0.319048, 3.36778e-18, 0.878589),Vector3D(0.319048, 3.36778e-18, 0.878589),Vector3D(0.320029, 0.0314519, 0.877153),
Vector3D(0.319048, 3.36778e-18, 0.878589),Vector3D(0.319048, 3.36778e-18, 0.878589),Vector3D(0.320029, 0.0314519, 0.877153),
Vector3D(0.319048, 3.36778e-18, 0.878589),Vector3D(0.319048, 3.36778e-18, 0.878589),Vector3D(0.320029, 0.0314519, 0.877153),
Vector3D(0.319048, 3.36778e-18, 0.878589),Vector3D(0.319048, 3.36778e-18, 0.878589),Vector3D(0.320029, 0.0314519, 0.877153),
Vector3D(0.319048, 3.36778e-18, 0.878589),Vector3D(0.319048, 3.36778e-18, 0.878589),Vector3D(0.320029, 0.0314519, 0.877153),
Vector3D(0.319048, 3.36778e-18, 0.878589),Vector3D(0.319048, 3.36778e-18, 0.878589),Vector3D(0.320029, 0.0314519, 0.877153),
Vector3D(0.319048, 3.36778e-18, 0.878589),Vector3D(0.319048, 3.36778e-18, 0.878589),Vector3D(0.320029, 0.0314519, 0.877153),
Vector3D(0.319048, 3.36778e-18, 0.878589),Vector3D(0.319048, 3.36778e-18, 0.878589),Vector3D(0.320029, 0.0314519, 0.877153),
Vector3D(0.319048, 3.36778e-18, 0.878589),Vector3D(0.319048, 3.36778e-18, 0.878589),Vector3D(0.320029, 0.0314519, 0.877153),
Vector3D(0.319048, 3.36778e-18, 0.878589),Vector3D(0.319048, 3.36778e-18, 0.878589),Vector3D(0.320029, 0.0314519, 0.877153),
Vector3D(0.319048, 3.36778e-18, 0.878589),Vector3D(0.319048, 3.36778e-18, 0.878589),Vector3D(0.320029, 0.0314519, 0.877153),
Vector3D(0.319048, 3.36778e-18, 0.878589),Vector3D(0.319048, 3.36778e-18, 0.878589),Vector3D(0.320029, 0.0314519, 0.877153),
Vector3D(0.319048, 3.36778e-18, 0.878589),Vector3D(0.319048, 3.36778e-18, 0.878589),Vector3D(0.320029, 0.0314519, 0.877153),
Vector3D(0.319048, 3.36778e-18, 0.878589),Vector3D(0.319048, 3.36778e-18, 0.878589),Vector3D(0.320029, 0.0314519, 0.877153),
Vector3D(0.319048, 3.36778e-18, 0.878589),Vector3D(0.319048, 3.36778e-18, 0.878589),Vector3D(0.320029, 0.0314519, 0.877153),
Vector3D(0.319048, 3.36778e-18, 0.878589),Vector3D(0.319048, 3.36778e-18, 0.878589),Vector3D(0.320029, 0.0314519, 0.877153),
Vector3D(0.319048, 3.36778e-18, 0.878589),Vector3D(0.319048, 3.36778e-18, 0.878589),Vector3D(0.320029, 0.0314519, 0.877153),
Vector3D(0.319048, 3.36778e-18, 0.878589),Vector3D(0.319048, 3.36778e-18, 0.878589),Vector3D(0.320029, 0.0314519, 0.877153),
Vector3D(0.319048, 3.36778e-18, 0.878589),Vector3D(0.319048, 3.36778e-18, 0.878589),Vector3D(0.320029, 0.0314519, 0.877153),
Vector3D(0.319048, 3.36778e-18, 0.878589),Vector3D(0.319048, 3.36778e-18, 0.878589),Vector3D(0.320029, 0.0314519, 0.877153),
Vector3D(0.319048, 3.36778e-18, 0.878589),Vector3D(0.319048, 3.36778e-18, 0.878589),Vector3D(0.320029, 0.0314519, 0.877153),
Vector3D(0.319048, 3.36778e-18, 0.878589),Vector3D(0.319048, 3.36778e-18, 0.878589),Vector3D(0.320029, 0.0314519, 0.877153),
Vector3D(0.319048, 3.36778e-18, 0.878589),Vector3D(0.319048, 3.36778e-18, 0.878589),Vector3D(0.320029, 0.0314519, 0.877153),
Vector3D(0.319048, 3.36778e-18, 0.878589),Vector3D(0.319048, 3.36778e-18, 0.878589),Vector3D(0.320029, 0.0314519, 0.877153),
Vector3D(0.319048, 3.36778e-18, 0.878589),Vector3D(0.319048, 3.36778e-18, 0.878589),Vector3D(0.320029, 0.0314519, 0.877153),
Vector3D(0.319048, 3.36778e-18, 0.878589),Vector3D(0.319048, 3.36778e-18, 0.878589),Vector3D(0.320029, 0.0314519, 0.877153),
Vector3D(0.319048, 3.36778e-18, 0.878589),Vector3D(0.319048, 3.36778e-18, 0.878589),Vector3D(0.320029, 0.0314519, 0.877153),
Vector3D(0.319048, 3.36778e-18, 0.878589),Vector3D(0.319048, 3.36778e-18, 0.878589),Vector3D(0.320029, 0.0314519, 0.877153),
Vector3D(0.319048, 3.36778e-18, 0.878589),Vector3D(0.319048, 3.36778e-18, 0.878589),Vector3D(0.320029, 0.0314519, 0.877153),
Vector3D(0.319048, 3.36778e-18, 0.878589),Vector3D(0.319048, 3.36778e-18, 0.878589),Vector3D(0.320029, 0.0314519, 0.877153),
Vector3D(0.319048, 3.36778e-18, 0.878589),Vector3D(0.319048, 3.36778e-18, 0.878589),Vector3D(0.320029, 0.0314519, 0.877153),
Vector3D(0.319048, 3.36778e-18, 0.878589),Vector3D(0.319048, 3.36778e-18, 0.878589),Vector3D(0.320029, 0.0314519, 0.877153),
Vector3D(0.319048, 3.36778e-18, 0.878589),Vector3D(0.319048, 3.36778e-18, 0.878589),Vector3D(0.320029, 0.0314519, 0.877153),
Vector3D(0.319048, 3.36778e-18, 0.878589),Vector3D(0.319048, 3.36778e-18, 0.878589),Vector3D(0.320029, 0.0314519, 0.877153),
Vector3D(0.319048, 3.36778e-18, 0.878589),Vector3D(0.319048, 3.36778e-18, 0.878589),Vector3D(0.320029, 0.0314519, 0.877153),
Vector3D(0.319048, 3.36778e-18, 0.878589),Vector3D(0.319048, 3.36778e-18, 0.878589),Vector3D(0.320029, 0.0314519, 0.877153),
Vector3D(0.319048, 3.36778e-18, 0.878589),Vector3D(0.319048, 3.36778e-18, 0.878589),Vector3D(0.320029, 0.0314519, 0.877153),
Vector3D(0.319048, 3.36778e-18, 0.878589),Vector3D(0.319048, 3.36778e-18, 0.878589),Vector3D(0.320029, 0.0314519, 0.877153),
Vector3D(0.319048, 3.36778e-18, 0.878589),Vector3D(0.319048, 3.36778e-18, 0.878589),Vector3D(0.320029, 0.0314519, 0.877153),
Vector3D(0.319048, 3.36778e-18, 0.878589),Vector3D(0.319048, 3.36778e-18, 0.878589),Vector3D(0.320029, 0.0314519, 0.877153),
Vector3D(0.319048, 3.36778e-18, 0.878589),Vector3D(0.319048, 3.36778e-18, 0.878589),Vector3D(0.320029, 0.0314519, 0.877153),
Vector3D(0.319048, 3.36778e-18, 0.878589),Vector3D(0.319048, 3.36778e-18, 0.878589),Vector3D(0.320029, 0.0314519, 0.877153),
Vector3D(0.319048, 3.36778e-18, 0.878589),Vector3D(0.319048, 3.36778e-18, 0.878589),Vector3D(0.320029, 0.0314519, 0.877153),
Vector3D(0.319048, 3.36778e-18, 0.878589),Vector3D(0.319048, 3.36778e-18, 0.878589),Vector3D(0.320029, 0.0314519, 0.877153),
Vector3D(0.319048, 3.36778e-18, 0.878589),Vector3D(0.319048, 3.36778e-18, 0.878589),Vector3D(0.320029, 0.0314519, 0.877153),
Vector3D(0.319048, 3.36778e-18, 0.878589),Vector3D(0.319048, 3.36778e-18, 0.878589),Vector3D(0.320029, 0.0314519, 0.877153),
Vector3D(0.319048, 3.36778e-18, 0.878589),Vector3D(0.319048, 3.36778e-18, 0.878589),Vector3D(0.320029, 0.0314519, 0.877153),
Vector3D(0.319048, 3.36778e-18, 0.878589),Vector3D(0.319048, 3.36778e-18, 0.878589),Vector3D(0.320029, 0.0314519, 0.877153),
Vector3D(0.319048, 3.36778e-18, 0.878589),Vector3D(0.319048, 3.36778e-18, 0.878589),Vector3D(0.320029, 0.0314519, 0.877153),
Vector3D(0.319048, 3.36778e-18, 0.878589),Vector3D(0.319048, 3.36778e-18, 0.878589),Vector3D(0.320029, 0.0314519, 0.877153),
Vector3D(0.319048, 3.36778e-18, 0.878589),Vector3D(0.319048, 3.36778e-18, 0.878589),Vector3D(0.320029, 0.0314519, 0.877153),
Vector3D(0.319048, 3.36778e-18, 0.878589),Vector3D(0.319048, 3.36778e-18, 0.878589),Vector3D(0.320029, 0.0314519, 0.877153),
Vector3D(0.319048, 3.36778e-18, 0.878589),Vector3D(0.319048, 3.36778e-18, 0.878589),Vector3D(0.320029, 0.0314519, 0.877153),
Vector3D(0.319048, 3.36778e-18, 0.878589),Vector3D(0.319048, 3.36778e-18, 0.878589),Vector3D(0.320029, 0.0314519, 0.877153),
Vector3D(0.319048, 3.36778e-18, 0.878589),Vector3D(0.319048, 3.36778e-18, 0.878589),Vector3D(0.320029, 0.0314519, 0.877153),
Vector3D(0.319048, 3.36778e-18, 0.878589),Vector3D(0.319048, 3.36778e-18, 0.878589),Vector3D(0.320029, 0.0314519, 0.877153),
Vector3D(0.319048, 3.36778e-18, 0.878589),Vector3D(0.319048, 3.36778e-18, 0.878589),Vector3D(0.320029, 0.0314519, 0.877153),
Vector3D(0.319048, 3.36778e-18, 0.878589),Vector3D(0.319048, 3.36778e-18, 0.878589),Vector3D(0.320029, 0.0314519, 0.877153),
Vector3D(0.319048, 3.36778e-18, 0.878589),Vector3D(0.319048, 3.36778e-18, 0.878589),Vector3D(0.320029, 0.0314519, 0.877153),
Vector3D(0.319048, 3.36778e-18, 0.878589),Vector3D(0.319048, 3.36778e-18, 0.878589),Vector3D(0.320029, 0.0314519, 0.877153),
Vector3D(0.319048, 3.36778e-18, 0.878589),Vector3D(0.319048, 3.36778e-18, 0.878589),Vector3D(0.320029, 0.0314519, 0.877153),
Vector3D(0.319048, 3.36778e-18, 0.878589),Vector3D(0.319048, 3.36778e-18, 0.878589),Vector3D(0.320029, 0.0314519, 0.877153),
Vector3D(0.319048, 3.36778e-18, 0.878589),Vector3D(0.319048, 3.36778e-18, 0.878589),Vector3D(0.320029, 0.0314519, 0.877153),
Vector3D(0.319048, 3.36778e-18, 0.878589),Vector3D(0.319048, 3.36778e-18, 0.878589),Vector3D(0.320029, 0.0314519, 0.877153),
Vector3D(0.319048, 3.36778e-18, 0.878589),Vector3D(0.319048, 3.36778e-18, 0.878589),Vector3D(0.320029, 0.0314519, 0.877153),
Vector3D(0.319048, 3.36778e-18, 0.878589),Vector3D(0.319048, 3.36778e-18, 0.878589),Vector3D(0.320029, 0.0314519, 0.877153),
Vector3D(0.319048, 3.36778e-18, 0.878589),Vector3D(0.319048, 3.36778e-18, 0.878589),Vector3D(0.320029, 0.0314519, 0.877153),
Vector3D(0.319048, 3.36778e-18, 0.878589),Vector3D(0.319048, 3.36778e-18, 0.878589),Vector3D(0.320029, 0.0314519, 0.877153),
Vector3D(0.319048, 3.36778e-18, 0.878589),Vector3D(0.319048, 3.36778e-18, 0.878589),Vector3D(0.320029, 0.0314519, 0.877153),
Vector3D(0.319048, 3.36778e-18, 0.878589),Vector3D(0.319048, 3.36778e-18, 0.878589),Vector3D(0.320029, 0.0314519, 0.877153),
Vector3D(0.319048, 3.36778e-18, 0.878589),Vector3D(0.319048, 3.36778e-18, 0.878589),Vector3D(0.320029, 0.0314519, 0.877153),
Vector3D(0.319048, 3.36778e-18, 0.878589),Vector3D(0.319048, 3.36778e-18, 0.878589),Vector3D(0.320029, 0.0314519, 0.877153),
Vector3D(0.319048, 3.36778e-18, 0.878589),Vector3D(0.319048, 3.36778e-18, 0.878589),Vector3D(0.320029, 0.0314519, 0.877153),
Vector3D(0.319048, 3.36778e-18, 0.878589),Vector3D(0.319048, 3.36778e-18, 0.878589),Vector3D(0.320029, 0.0314519, 0.877153),
Vector3D(0.319048, 3.36778e-18, 0.878589),Vector3D(0.319048, 3.36778e-18, 0.878589),Vector3D(0.320029, 0.0314519, 0.877153),
Vector3D(0.319048, 3.36778e-18, 0.878589),Vector3D(0.319048, 3.36778e-18, 0.878589),Vector3D(0.320029, 0.0314519, 0.877153),
Vector3D(0.319048, 3.36778e-18, 0.878589),Vector3D(0.319048, 3.36778e-18, 0.878589),Vector3D(0.320029, 0.0314519, 0.877153),
Vector3D(0.319048, 3.36778e-18, 0.878589),Vector3D(0.319048, 3.36778e-18, 0.878589),Vector3D(0.320029, 0.0314519, 0.877153),
Vector3D(0.319048, 3.36778e-18, 0.878589),Vector3D(0.319048, 3.36778e-18, 0.878589),Vector3D(0.320029, 0.0314519, 0.877153),
Vector3D(0.319048, 3.36778e-18, 0.878589),Vector3D(0.319048, 3.36778e-18, 0.878589),Vector3D(0.320029, 0.0314519, 0.877153),
Vector3D(0.319048, 3.36778e-18, 0.878589),Vector3D(0.319048, 3.36778e-18, 0.878589),Vector3D(0.320029, 0.0314519, 0.877153),
Vector3D(0.319048, 3.36778e-18, 0.878589),Vector3D(0.319048, 3.36778e-18, 0.878589),Vector3D(0.320029, 0.0314519, 0.877153),
Vector3D(0.319048, 3.36778e-18, 0.878589),Vector3D(0.319048, 3.36778e-18, 0.878589),Vector3D(0.320029, 0.0314519, 0.877153),
Vector3D(0.319048, 3.36778e-18, 0.878589),Vector3D(0.319048, 3.36778e-18, 0.878589),Vector3D(0.320029, 0.0314519, 0.877153),
Vector3D(0.319048, 3.36778e-18, 0.878589),Vector3D(0.319048, 3.36778e-18, 0.878589),Vector3D(0.320029, 0.0314519, 0.877153),
Vector3D(0.319048, 3.36778e-18, 0.878589),Vector3D(0.319048, 3.36778e-18, 0.878589),Vector3D(0.320029, 0.0314519, 0.877153),
Vector3D(0.319048, 3.36778e-18, 0.878589),Vector3D(0.319048, 3.36778e-18, 0.878589),Vector3D(0.320029, 0.0314519, 0.877153),
Vector3D(0.319048, 3.36778e-18, 0.878589),Vector3D(0.319048, 3.36778e-18, 0.878589),Vector3D(0.320029, 0.0314519, 0.877153),
Vector3D(0.319048, 3.36778e-18, 0.878589),Vector3D(0.319048, 3.36778e-18, 0.878589),Vector3D(0.320029, 0.0314519, 0.877153),
Vector3D(0.319048, 3.36778e-18, 0.878589),Vector3D(0.319048, 3.36778e-18, 0.878589),Vector3D(0.320029, 0.0314519, 0.877153),
Vector3D(0.319048, 3.36778e-18, 0.878589),Vector3D(0.319048, 3.36778e-18, 0.878589),Vector3D(0.320029, 0.0314519, 0.877153),
Vector3D(0.319048, 3.36778e-18, 0.878589),Vector3D(0.319048, 3.36778e-18, 0.878589),Vector3D(0.320029, 0.0314519, 0.877153),
Vector3D(0.319048, 3.36778e-18, 0.878589),Vector3D(0.319048, 3.36778e-18, 0.878589),Vector3D(0.320029, 0.0314519, 0.877153),
Vector3D(0.319048, 3.36778e-18, 0.878589),Vector3D(0.319048, 3.36778e-18, 0.878589),Vector3D(0.320029, 0.0314519, 0.877153),
Vector3D(0.319048, 3.36778e-18, 0.878589),Vector3D(0.319048, 3.36778e-18, 0.878589),Vector3D(0.320029, 0.0314519, 0.877153),
Vector3D(0.319048, 3.36778e-18, 0.878589),Vector3D(0.319048, 3.36778e-18, 0.878589),Vector3D(0.320029, 0.0314519, 0.877153),
Vector3D(0.319048, 3.36778e-18, 0.878589),Vector3D(0.319048, 3.36778e-18, 0.878589),Vector3D(0.320029, 0.0314519, 0.877153),
Vector3D(0.319048, 3.36778e-18, 0.878589),Vector3D(0.319048, 3.36778e-18, 0.878589),Vector3D(0.320029, 0.0314519, 0.877153),
Vector3D(0.319048, 3.36778e-18, 0.878589),Vector3D(0.319048, 3.36778e-18, 0.878589),Vector3D(0.320029, 0.0314519, 0.877153),
Vector3D(0.319048, 3.36778e-18, 0.878589),Vector3D(0.319048, 3.36778e-18, 0.878589),Vector3D(0.320029, 0.0314519, 0.877153),
Vector3D(0.319048, 3.36778e-18, 0.878589),Vector3D(0.319048, 3.36778e-18, 0.878589),Vector3D(0.320029, 0.0314519, 0.877153),
Vector3D(0.319048, 3.36778e-18, 0.878589),Vector3D(0.319048, 3.36778e-18, 0.878589),Vector3D(0.320029, 0.0314519, 0.877153),
Vector3D(0.319048, 3.36778e-18, 0.878589),Vector3D(0.319048, 3.36778e-18, 0.878589),Vector3D(0.320029, 0.0314519, 0.877153),
Vector3D(0.319048, 3.36778e-18, 0.878589),Vector3D(0.319048, 3.36778e-18, 0.878589),Vector3D(0.320029, 0.0314519, 0.877153),
Vector3D(0.319048, 3.36778e-18, 0.878589),Vector3D(0.319048, 3.36778e-18, 0.878589),Vector3D(0.320029, 0.0314519, 0.877153),
Vector3D(0.319048, 3.36778e-18, 0.878589),Vector3D(0.319048, 3.36778e-18, 0.878589),Vector3D(0.320029, 0.0314519, 0.877153),
Vector3D(0.319048, 3.36778e-18, 0.878589),Vector3D(0.319048, 3.36778e-18, 0.878589),Vector3D(0.320029, 0.0314519, 0.877153),
Vector3D(0.319048, 3.36778e-18, 0.878589),Vector3D(0.319048, 3.36778e-18, 0.878589),Vector3D(0.320029, 0.0314519, 0.877153),
Vector3D(0.319048, 3.36778e-18, 0.878589),Vector3D(0.319048, 3.36778e-18, 0.878589),Vector3D(0.320029, 0.0314519, 0.877153),
Vector3D(0.319048, 3.36778e-18, 0.878589),Vector3D(0.319048, 3.36778e-18, 0.878589),Vector3D(0.320029, 0.0314519, 0.877153),
Vector3D(0.319048, 3.36778e-18, 0.878589),Vector3D(0.319048, 3.36778e-18, 0.878589),Vector3D(0.320029, 0.0314519, 0.877153),
Vector3D(0.319048, 3.36778e-18, 0.878589),Vector3D(0.319048, 3.36778e-18, 0.878589),Vector3D(0.320029, 0.0314519, 0.877153),
Vector3D(0.319048, 3.36778e-18, 0.878589),Vector3D(0.319048, 3.36778e-18, 0.878589),Vector3D(0.320029, 0.0314519, 0.877153),
Vector3D(0.319048, 3.36778e-18, 0.878589),Vector3D(0.319048, 3.36778e-18, 0.878589),Vector3D(0.320029, 0.0314519, 0.877153),
Vector3D(0.319048, 3.36778e-18, 0.878589),Vector3D(0.319048, 3.36778e-18, 0.878589),Vector3D(0.320029, 0.0314519, 0.877153),
Vector3D(0.319048, 3.36778e-18, 0.878589),Vector3D(0.319048, 3.36778e-18, 0.878589),Vector3D(0.320029, 0.0314519, 0.877153),
Vector3D(0.319048, 3.36778e-18, 0.878589),Vector3D(0.319048, 3.36778e-18, 0.878589),Vector3D(0.320029, 0.0314519, 0.877153),
Vector3D(0.319048, 3.36778e-18, 0.878589),Vector3D(0.319048, 3.36778e-18, 0.878589),Vector3D(0.320029, 0.0314519, 0.877153),
Vector3D(0.319048, 3.36778e-18, 0.878589),Vector3D(0.319048, 3.36778e-18, 0.878589),Vector3D(0.320029, 0.0314519, 0.877153),
Vector3D(0.319048, 3.36778e-18, 0.878589),Vector3D(0.319048, 3.36778e-18, 0.878589),Vector3D(0.320029, 0.0314519, 0.877153),
Vector3D(0.319048, 3.36778e-18, 0.878589),Vector3D(0.319048, 3.36778e-18, 0.878589),Vector3D(0.320029, 0.0314519, 0.877153),
Vector3D(0.319048, 3.36778e-18, 0.878589),Vector3D(0.319048, 3.36778e-18, 0.878589),Vector3D(0.320029, 0.0314519, 0.877153),
Vector3D(0.319048, 3.36778e-18, 0.878589),Vector3D(0.319048, 3.36778e-18, 0.878589),Vector3D(0.320029, 0.0314519, 0.877153),
Vector3D(0.319048, 3.36778e-18, 0.878589),Vector3D(0.319048, 3.36778e-18, 0.878589),Vector3D(0.320029, 0.0314519, 0.877153),
Vector3D(0.319048, 3.36778e-18, 0.878589),Vector3D(0.319048, 3.36778e-18, 0.878589),Vector3D(0.320029, 0.0314519, 0.877153),
Vector3D(0.319048, 3.36778e-18, 0.878589),Vector3D(0.319048, 3.36778e-18, 0.878589),Vector3D(0.320029, 0.0314519, 0.877153),
Vector3D(0.319048, 3.36778e-18, 0.878589),Vector3D(0.319048, 3.36778e-18, 0.878589),Vector3D(0.320029, 0.0314519, 0.877153),
Vector3D(0.319048, 3.36778e-18, 0.878589),Vector3D(0.319048, 3.36778e-18, 0.878589),Vector3D(0.320029, 0.0314519, 0.877153),
Vector3D(0.319048, 3.36778e-18, 0.878589),Vector3D(0.319048, 3.36778e-18, 0.878589),Vector3D(0.320029, 0.0314519, 0.877153),
Vector3D(0.319048, 3.36778e-18, 0.878589),Vector3D(0.319048, 3.36778e-18, 0.878589),Vector3D(0.320029, 0.0314519, 0.877153),
Vector3D(0.319048, 3.36778e-18, 0.878589),Vector3D(0.319048, 3.36778e-18, 0.878589),Vector3D(0.320029, 0.0314519, 0.877153),
Vector3D(0.319048, 3.36778e-18, 0.878589),Vector3D(0.319048, 3.36778e-18, 0.878589),Vector3D(0.320029, 0.0314519, 0.877153),
Vector3D(0.319048, 3.36778e-18, 0.878589),Vector3D(0.319048, 3.36778e-18, 0.878589),Vector3D(0.320029, 0.0314519, 0.877153),
Vector3D(0.319048, 3.36778e-18, 0.878589),Vector3D(0.319048, 3.36778e-18, 0.878589),Vector3D(0.320029, 0.0314519, 0.877153),
Vector3D(0.319048, 3.36778e-18, 0.878589),Vector3D(0.319048, 3.36778e-18, 0.878589),Vector3D(0.320029, 0.0314519, 0.877153),
Vector3D(0.319048, 3.36778e-18, 0.878589),Vector3D(0.319048, 3.36778e-18, 0.878589),Vector3D(0.320029, 0.0314519, 0.877153),
Vector3D(0.319048, 3.36778e-18, 0.878589),Vector3D(0.319048, 3.36778e-18, 0.878589),Vector3D(0.320029, 0.0314519, 0.877153),
Vector3D(0.319048, 3.36778e-18, 0.878589),Vector3D(0.319048, 3.36778e-18, 0.878589),Vector3D(0.320029, 0.0314519, 0.877153),
Vector3D(0.319048, 3.36778e-18, 0.878589),Vector3D(0.319048, 3.36778e-18, 0.878589),Vector3D(0.320029, 0.0314519, 0.877153),
Vector3D(0.319048, 3.36778e-18, 0.878589),Vector3D(0.319048, 3.36778e-18, 0.878589),Vector3D(0.320029, 0.0314519, 0.877153),
Vector3D(0.319048, 3.36778e-18, 0.878589),Vector3D(0.319048, 3.36778e-18, 0.878589),Vector3D(0.320029, 0.0314519, 0.877153),
Vector3D(0.319048, 3.36778e-18, 0.878589),Vector3D(0.319048, 3.36778e-18, 0.878589),Vector3D(0.320029, 0.0314519, 0.877153),
Vector3D(0.319048, 3.36778e-18, 0.878589),Vector3D(0.319048, 3.36778e-18, 0.878589),Vector3D(0.320029, 0.0314519, 0.877153),
Vector3D(0.319048, 3.36778e-18, 0.878589),Vector3D(0.319048, 3.36778e-18, 0.878589),Vector3D(0.320029, 0.0314519, 0.877153),
Vector3D(0.319048, 3.36778e-18, 0.878589),Vector3D(0.319048, 3.36778e-18, 0.878589),Vector3D(0.320029, 0.0314519, 0.877153),
Vector3D(0.319048, 3.36778e-18, 0.878589),Vector3D(0.319048, 3.36778e-18, 0.878589),Vector3D(0.320029, 0.0314519, 0.877153),
Vector3D(0.319048, 3.36778e-18, 0.878589),Vector3D(0.319048, 3.36778e-18, 0.878589),Vector3D(0.320029, 0.0314519, 0.877153),
Vector3D(0.319048, 3.36778e-18, 0.878589),Vector3D(0.319048, 3.36778e-18, 0.878589),Vector3D(0.320029, 0.0314519, 0.877153),
Vector3D(0.319048, 3.36778e-18, 0.878589),Vector3D(0.319048, 3.36778e-18, 0.878589),Vector3D(0.320029, 0.0314519, 0.877153),
Vector3D(0.319048, 3.36778e-18, 0.878589),Vector3D(0.319048, 3.36778e-18, 0.878589),Vector3D(0.320029, 0.0314519, 0.877153),
Vector3D(0.319048, 3.36778e-18, 0.878589),Vector3D(0.319048, 3.36778e-18, 0.878589),Vector3D(0.320029, 0.0314519, 0.877153),
Vector3D(0.319048, 3.36778e-18, 0.878589),Vector3D(0.319048, 3.36778e-18, 0.878589),Vector3D(0.320029, 0.0314519, 0.877153),
Vector3D(0.319048, 3.36778e-18, 0.878589),Vector3D(0.319048, 3.36778e-18, 0.878589),Vector3D(0.320029, 0.0314519, 0.877153),
Vector3D(0.319048, 3.36778e-18, 0.878589),Vector3D(0.319048, 3.36778e-18, 0.878589),Vector3D(0.320029, 0.0314519, 0.877153),
Vector3D(0.319048, 3.36778e-18, 0.878589),Vector3D(0.319048, 3.36778e-18, 0.878589),Vector3D(0.320029, 0.0314519, 0.877153),
Vector3D(0.319048, 3.36778e-18, 0.878589),Vector3D(0.319048, 3.36778e-18, 0.878589),Vector3D(0.320029, 0.0314519, 0.877153),
Vector3D(0.319048, 3.36778e-18, 0.878589),Vector3D(0.319048, 3.36778e-18, 0.878589),Vector3D(0.320029, 0.0314519, 0.877153),
Vector3D(0.319048, 3.36778e-18, 0.878589),Vector3D(0.319048, 3.36778e-18, 0.878589),Vector3D(0.320029, 0.0314519, 0.877153),
Vector3D(0.319048, 3.36778e-18, 0.878589),Vector3D(0.319048, 3.36778e-18, 0.878589),Vector3D(0.320029, 0.0314519, 0.877153),
Vector3D(0.319048, 3.36778e-18, 0.878589),Vector3D(0.319048, 3.36778e-18, 0.878589),Vector3D(0.320029, 0.0314519, 0.877153),
Vector3D(0.319048, 3.36778e-18, 0.878589),Vector3D(0.319048, 3.36778e-18, 0.878589),Vector3D(0.320029, 0.0314519, 0.877153),
Vector3D(0.319048, 3.36778e-18, 0.878589),Vector3D(0.319048, 3.36778e-18, 0.878589),Vector3D(0.320029, 0.0314519, 0.877153),
Vector3D(0.319048, 3.36778e-18, 0.878589),Vector3D(0.319048, 3.36778e-18, 0.878589),Vector3D(0.320029, 0.0314519, 0.877153),
Vector3D(0.319048, 3.36778e-18, 0.878589),Vector3D(0.319048, 3.36778e-18, 0.878589),Vector3D(0.320029, 0.0314519, 0.877153),
Vector3D(0.319048, 3.36778e-18, 0.878589),Vector3D(0.319048, 3.36778e-18, 0.878589),Vector3D(0.320029, 0.0314519, 0.877153),
Vector3D(0.319048, 3.36778e-18, 0.878589),Vector3D(0.319048, 3.36778e-18, 0.878589),Vector3D(0.320029, 0.0314519, 0.877153),
Vector3D(0.319048, 3.36778e-18, 0.878589),Vector3D(0.319048, 3.36778e-18, 0.878589),Vector3D(0.320029, 0.0314519, 0.877153),
Vector3D(0.319048, 3.36778e-18, 0.878589),Vector3D(0.319048, 3.36778e-18, 0.878589),Vector3D(0.320029, 0.0314519, 0.877153),
Vector3D(0.319048, 3.36778e-18, 0.878589),Vector3D(0.319048, 3.36778e-18, 0.878589),Vector3D(0.320029, 0.0314519, 0.877153),
Vector3D(0.319048, 3.36778e-18, 0.878589),Vector3D(0.319048, 3.36778e-18, 0.878589),Vector3D(0.320029, 0.0314519, 0.877153),
Vector3D(0.319048, 3.36778e-18, 0.878589),Vector3D(0.319048, 3.36778e-18, 0.878589),Vector3D(0.320029, 0.0314519, 0.877153),
Vector3D(0.319048, 3.36778e-18, 0.878589),Vector3D(0.319048, 3.36778e-18, 0.878589),Vector3D(0.320029, 0.0314519, 0.877153),
Vector3D(0.319048, 3.36778e-18, 0.878589),Vector3D(0.319048, 3.36778e-18, 0.878589),Vector3D(0.320029, 0.0314519, 0.877153),
Vector3D(0.319048, 3.36778e-18, 0.878589),Vector3D(0.319048, 3.36778e-18, 0.878589),Vector3D(0.320029, 0.0314519, 0.877153),
Vector3D(0.319048, 3.36778e-18, 0.878589),Vector3D(0.319048, 3.36778e-18, 0.878589),Vector3D(0.320029, 0.0314519, 0.877153),
Vector3D(0.319048, 3.36778e-18, 0.878589),Vector3D(0.319048, 3.36778e-18, 0.878589),Vector3D(0.320029, 0.0314519, 0.877153),
Vector3D(0.319048, 3.36778e-18, 0.878589),Vector3D(0.319048, 3.36778e-18, 0.878589),Vector3D(0.320029, 0.0314519, 0.877153),
Vector3D(0.319048, 3.36778e-18, 0.878589),Vector3D(0.319048, 3.36778e-18, 0.878589),Vector3D(0.320029, 0.0314519, 0.877153),
Vector3D(0.319048, 3.36778e-18, 0.878589),Vector3D(0.319048, 3.36778e-18, 0.878589),Vector3D(0.320029, 0.0314519, 0.877153),
Vector3D(0.319048, 3.36778e-18, 0.878589),Vector3D(0.319048, 3.36778e-18, 0.878589),Vector3D(0.320029, 0.0314519, 0.877153),
Vector3D(0.319048, 3.36778e-18, 0.878589),Vector3D(0.319048, 3.36778e-18, 0.878589),Vector3D(0.320029, 0.0314519, 0.877153),
Vector3D(0.319048, 3.36778e-18, 0.878589),Vector3D(0.319048, 3.36778e-18, 0.878589),Vector3D(0.320029, 0.0314519, 0.877153),
Vector3D(0.319048, 3.36778e-18, 0.878589),Vector3D(0.319048, 3.36778e-18, 0.878589),Vector3D(0.320029, 0.0314519, 0.877153),
Vector3D(0.319048, 3.36778e-18, 0.878589),Vector3D(0.319048, 3.36778e-18, 0.878589),Vector3D(0.320029, 0.0314519, 0.877153),
Vector3D(0.319048, 3.36778e-18, 0.878589),Vector3D(0.319048, 3.36778e-18, 0.878589),Vector3D(0.320029, 0.0314519, 0.877153),
Vector3D(0.319048, 3.36778e-18, 0.878589),Vector3D(0.319048, 3.36778e-18, 0.878589),Vector3D(0.320029, 0.0314519, 0.877153),
Vector3D(0.319048, 3.36778e-18, 0.878589),Vector3D(0.319048, 3.36778e-18, 0.878589),Vector3D(0.320029, 0.0314519, 0.877153),
Vector3D(0.319048, 3.36778e-18, 0.878589),Vector3D(0.319048, 3.36778e-18, 0.878589),Vector3D(0.320029, 0.0314519, 0.877153),
Vector3D(0.319048, 3.36778e-18, 0.878589),Vector3D(0.319048, 3.36778e-18, 0.878589),Vector3D(0.320029, 0.0314519, 0.877153),
Vector3D(0.319048, 3.36778e-18, 0.878589),Vector3D(0.319048, 3.36778e-18, 0.878589),Vector3D(0.320029, 0.0314519, 0.877153),
Vector3D(0.319048, 3.36778e-18, 0.878589),Vector3D(0.319048, 3.36778e-18, 0.878589),Vector3D(0.320029, 0.0314519, 0.877153),
Vector3D(0.319048, 3.36778e-18, 0.878589),Vector3D(0.319048, 3.36778e-18, 0.878589),Vector3D(0.320029, 0.0314519, 0.877153),
Vector3D(0.319048, 3.36778e-18, 0.878589),Vector3D(0.319048, 3.36778e-18, 0.878589),Vector3D(0.320029, 0.0314519, 0.877153),
Vector3D(0.319048, 3.36778e-18, 0.878589),Vector3D(0.319048, 3.36778e-18, 0.878589),Vector3D(0.320029, 0.0314519, 0.877153),
Vector3D(0.319048, 3.36778e-18, 0.878589),Vector3D(0.319048, 3.36778e-18, 0.878589),Vector3D(0.320029, 0.0314519, 0.877153),
Vector3D(0.319048, 3.36778e-18, 0.878589),Vector3D(0.319048, 3.36778e-18, 0.878589),Vector3D(0.320029, 0.0314519, 0.877153),
Vector3D(0.319048, 3.36778e-18, 0.878589),Vector3D(0.319048, 3.36778e-18, 0.878589),Vector3D(0.320029, 0.0314519, 0.877153),
Vector3D(0.319048, 3.36778e-18, 0.878589),Vector3D(0.319048, 3.36778e-18, 0.878589),Vector3D(0.320029, 0.0314519, 0.877153),
Vector3D(0.319048, 3.36778e-18, 0.878589),Vector3D(0.319048, 3.36778e-18, 0.878589),Vector3D(0.320029, 0.0314519, 0.877153),
Vector3D(0.319048, 3.36778e-18, 0.878589),Vector3D(0.319048, 3.36778e-18, 0.878589),Vector3D(0.320029, 0.0314519, 0.877153),
Vector3D(0.319048, 3.36778e-18, 0.878589),Vector3D(0.319048, 3.36778e-18, 0.878589),Vector3D(0.320029, 0.0314519, 0.877153),
Vector3D(0.319048, 3.36778e-18, 0.878589),Vector3D(0.319048, 3.36778e-18, 0.878589),Vector3D(0.320029, 0.0314519, 0.877153),
Vector3D(0.319048, 3.36778e-18, 0.878589),Vector3D(0.319048, 3.36778e-18, 0.878589),Vector3D(0.320029, 0.0314519, 0.877153),
Vector3D(0.319048, 3.36778e-18, 0.878589),Vector3D(0.319048, 3.36778e-18, 0.878589),Vector3D(0.320029, 0.0314519, 0.877153),
Vector3D(0.319048, 3.36778e-18, 0.878589),Vector3D(0.319048, 3.36778e-18, 0.878589),Vector3D(0.320029, 0.0314519, 0.877153),
Vector3D(0.319048, 3.36778e-18, 0.878589),Vector3D(0.319048, 3.36778e-18, 0.878589),Vector3D(0.320029, 0.0314519, 0.877153),
Vector3D(0.319048, 3.36778e-18, 0.878589),Vector3D(0.319048, 3.36778e-18, 0.878589),Vector3D(0.320029, 0.0314519, 0.877153),
Vector3D(0.319048, 3.36778e-18, 0.878589),Vector3D(0.319048, 3.36778e-18, 0.878589),Vector3D(0.320029, 0.0314519, 0.877153),
Vector3D(0.319048, 3.36778e-18, 0.878589),Vector3D(0.319048, 3.36778e-18, 0.878589),Vector3D(0.320029, 0.0314519, 0.877153),
Vector3D(0.319048, 3.36778e-18, 0.878589),Vector3D(0.319048, 3.36778e-18, 0.878589),Vector3D(0.320029, 0.0314519, 0.877153),
Vector3D(0.319048, 3.36778e-18, 0.878589),Vector3D(0.319048, 3.36778e-18, 0.878589),Vector3D(0.320029, 0.0314519, 0.877153),
Vector3D(0.319048, 3.36778e-18, 0.878589),Vector3D(0.319048, 3.36778e-18, 0.878589),Vector3D(0.320029, 0.0314519, 0.877153),
Vector3D(0.319048, 3.36778e-18, 0.878589),Vector3D(0.319048, 3.36778e-18, 0.878589),Vector3D(0.320029, 0.0314519, 0.877153),
Vector3D(0.319048, 3.36778e-18, 0.878589),Vector3D(0.319048, 3.36778e-18, 0.878589),Vector3D(0.320029, 0.0314519, 0.877153),
Vector3D(0.319048, 3.36778e-18, 0.878589),Vector3D(0.319048, 3.36778e-18, 0.878589),Vector3D(0.320029, 0.0314519, 0.877153),
Vector3D(0.319048, 3.36778e-18, 0.878589),Vector3D(0.319048, 3.36778e-18, 0.878589),Vector3D(0.320029, 0.0314519, 0.877153),
Vector3D(0.319048, 3.36778e-18, 0.878589),Vector3D(0.319048, 3.36778e-18, 0.878589),Vector3D(0.320029, 0.0314519, 0.877153),
Vector3D(0.319048, 3.36778e-18, 0.878589),Vector3D(0.319048, 3.36778e-18, 0.878589),Vector3D(0.320029, 0.0314519, 0.877153),
Vector3D(0.319048, 3.36778e-18, 0.878589),Vector3D(0.319048, 3.36778e-18, 0.878589),Vector3D(0.320029, 0.0314519, 0.877153),
Vector3D(0.319048, 3.36778e-18, 0.878589),Vector3D(0.319048, 3.36778e-18, 0.878589),Vector3D(0.320029, 0.0314519, 0.877153),
Vector3D(0.319048, 3.36778e-18, 0.878589),Vector3D(0.319048, 3.36778e-18, 0.878589),Vector3D(0.320029, 0.0314519, 0.877153),
Vector3D(0.319048, 3.36778e-18, 0.878589),Vector3D(0.319048, 3.36778e-18, 0.878589),Vector3D(0.320029, 0.0314519, 0.877153),
Vector3D(0.319048, 3.36778e-18, 0.878589),Vector3D(0.319048, 3.36778e-18, 0.878589),Vector3D(0.320029, 0.0314519, 0.877153),
Vector3D(0.319048, 3.36778e-18, 0.878589),Vector3D(0.319048, 3.36778e-18, 0.878589),Vector3D(0.320029, 0.0314519, 0.877153),
Vector3D(0.319048, 3.36778e-18, 0.878589),Vector3D(0.319048, 3.36778e-18, 0.878589),Vector3D(0.320029, 0.0314519, 0.877153),
Vector3D(0.319048, 3.36778e-18, 0.878589),Vector3D(0.319048, 3.36778e-18, 0.878589),Vector3D(0.320029, 0.0314519, 0.877153),
Vector3D(0.319048, 3.36778e-18, 0.878589),Vector3D(0.319048, 3.36778e-18, 0.878589),Vector3D(0.320029, 0.0314519, 0.877153),
Vector3D(0.319048, 3.36778e-18, 0.878589),Vector3D(0.319048, 3.36778e-18, 0.878589),Vector3D(0.320029, 0.0314519, 0.877153),
Vector3D(0.319048, 3.36778e-18, 0.878589),Vector3D(0.319048, 3.36778e-18, 0.878589),Vector3D(0.320029, 0.0314519, 0.877153),
Vector3D(0.319048, 3.36778e-18, 0.878589),Vector3D(0.319048, 3.36778e-18, 0.878589),Vector3D(0.320029, 0.0314519, 0.877153),
Vector3D(0.319048, 3.36778e-18, 0.878589),Vector3D(0.319048, 3.36778e-18, 0.878589),Vector3D(0.320029, 0.0314519, 0.877153),
Vector3D(0.319048, 3.36778e-18, 0.878589),Vector3D(0.319048, 3.36778e-18, 0.878589),Vector3D(0.320029, 0.0314519, 0.877153),
Vector3D(0.319048, 3.36778e-18, 0.878589),Vector3D(0.319048, 3.36778e-18, 0.878589),Vector3D(0.320029, 0.0314519, 0.877153),
Vector3D(0.319048, 3.36778e-18, 0.878589),Vector3D(0.319048, 3.36778e-18, 0.878589),Vector3D(0.320029, 0.0314519, 0.877153),
Vector3D(0.319048, 3.36778e-18, 0.878589),Vector3D(0.319048, 3.36778e-18, 0.878589),Vector3D(0.320029, 0.0314519, 0.877153),
Vector3D(0.319048, 3.36778e-18, 0.878589),Vector3D(0.319048, 3.36778e-18, 0.878589),Vector3D(0.320029, 0.0314519, 0.877153),
Vector3D(0.319048, 3.36778e-18, 0.878589),Vector3D(0.319048, 3.36778e-18, 0.878589),Vector3D(0.320029, 0.0314519, 0.877153),
Vector3D(0.319048, 3.36778e-18, 0.878589),Vector3D(0.319048, 3.36778e-18, 0.878589),Vector3D(0.320029, 0.0314519, 0.877153),
Vector3D(0.319048, 3.36778e-18, 0.878589),Vector3D(0.319048, 3.36778e-18, 0.878589),Vector3D(0.320029, 0.0314519, 0.877153),
Vector3D(0.319048, 3.36778e-18, 0.878589),Vector3D(0.319048, 3.36778e-18, 0.878589),Vector3D(0.320029, 0.0314519, 0.877153),
Vector3D(0.319048, 3.36778e-18, 0.878589),Vector3D(0.319048, 3.36778e-18, 0.878589),Vector3D(0.320029, 0.0314519, 0.877153),
Vector3D(0.319048, 3.36778e-18, 0.878589),Vector3D(0.319048, 3.36778e-18, 0.878589),Vector3D(0.320029, 0.0314519, 0.877153),
Vector3D(0.319048, 3.36778e-18, 0.878589),Vector3D(0.319048, 3.36778e-18, 0.878589),Vector3D(0.320029, 0.0314519, 0.877153),
Vector3D(0.319048, 3.36778e-18, 0.878589),Vector3D(0.319048, 3.36778e-18, 0.878589),Vector3D(0.320029, 0.0314519, 0.877153),
Vector3D(0.319048, 3.36778e-18, 0.878589),Vector3D(0.319048, 3.36778e-18, 0.878589),Vector3D(0.320029, 0.0314519, 0.877153),
Vector3D(0.319048, 3.36778e-18, 0.878589),Vector3D(0.319048, 3.36778e-18, 0.878589),Vector3D(0.320029, 0.0314519, 0.877153),
Vector3D(0.319048, 3.36778e-18, 0.878589),Vector3D(0.319048, 3.36778e-18, 0.878589),Vector3D(0.320029, 0.0314519, 0.877153),
Vector3D(0.319048, 3.36778e-18, 0.878589),Vector3D(0.319048, 3.36778e-18, 0.878589),Vector3D(0.320029, 0.0314519, 0.877153),
Vector3D(0.319048, 3.36778e-18, 0.878589),Vector3D(0.319048, 3.36778e-18, 0.878589),Vector3D(0.320029, 0.0314519, 0.877153),
Vector3D(0.319048, 3.36778e-18, 0.878589),Vector3D(0.319048, 3.36778e-18, 0.878589),Vector3D(0.320029, 0.0314519, 0.877153),
Vector3D(0.319048, 3.36778e-18, 0.878589),Vector3D(0.319048, 3.36778e-18, 0.878589),Vector3D(0.320029, 0.0314519, 0.877153),
Vector3D(0.319048, 3.36778e-18, 0.878589),Vector3D(0.319048, 3.36778e-18, 0.878589),Vector3D(0.320029, 0.0314519, 0.877153),
Vector3D(0.319048, 3.36778e-18, 0.878589),Vector3D(0.319048, 3.36778e-18, 0.878589),Vector3D(0.320029, 0.0314519, 0.877153),
Vector3D(0.319048, 3.36778e-18, 0.878589),Vector3D(0.319048, 3.36778e-18, 0.878589),Vector3D(0.320029, 0.0314519, 0.877153),
Vector3D(0.319048, 3.36778e-18, 0.878589),Vector3D(0.319048, 3.36778e-18, 0.878589),Vector3D(0.320029, 0.0314519, 0.877153),
Vector3D(0.319048, 3.36778e-18, 0.878589),Vector3D(0.319048, 3.36778e-18, 0.878589),Vector3D(0.320029, 0.0314519, 0.877153),
Vector3D(0.319048, 3.36778e-18, 0.878589),Vector3D(0.319048, 3.36778e-18, 0.878589),Vector3D(0.320029, 0.0314519, 0.877153),
Vector3D(0.319048, 3.36778e-18, 0.878589),Vector3D(0.319048, 3.36778e-18, 0.878589),Vector3D(0.320029, 0.0314519, 0.877153),
Vector3D(0.319048, 3.36778e-18, 0.878589),Vector3D(0.319048, 3.36778e-18, 0.878589),Vector3D(0.320029, 0.0314519, 0.877153),
Vector3D(0.319048, 3.36778e-18, 0.878589),Vector3D(0.319048, 3.36778e-18, 0.878589),Vector3D(0.320029, 0.0314519, 0.877153),
Vector3D(0.319048, 3.36778e-18, 0.878589),Vector3D(0.319048, 3.36778e-18, 0.878589),Vector3D(0.320029, 0.0314519, 0.877153),
Vector3D(0.319048, 3.36778e-18, 0.878589),Vector3D(0.319048, 3.36778e-18, 0.878589),Vector3D(0.320029, 0.0314519, 0.877153),
Vector3D(0.319048, 3.36778e-18, 0.878589),Vector3D(0.319048, 3.36778e-18, 0.878589),Vector3D(0.320029, 0.0314519, 0.877153),
Vector3D(0.319048, 3.36778e-18, 0.878589),Vector3D(0.319048, 3.36778e-18, 0.878589),Vector3D(0.320029, 0.0314519, 0.877153),
Vector3D(0.319048, 3.36778e-18, 0.878589),Vector3D(0.319048, 3.36778e-18, 0.878589),Vector3D(0.320029, 0.0314519, 0.877153),
Vector3D(0.319048, 3.36778e-18, 0.878589),Vector3D(0.319048, 3.36778e-18, 0.878589),Vector3D(0.320029, 0.0314519, 0.877153),
Vector3D(0.319048, 3.36778e-18, 0.878589),Vector3D(0.319048, 3.36778e-18, 0.878589),Vector3D(0.320029, 0.0314519, 0.877153),
Vector3D(0.319048, 3.36778e-18, 0.878589),Vector3D(0.319048, 3.36778e-18, 0.878589),Vector3D(0.320029, 0.0314519, 0.877153),
Vector3D(0.319048, 3.36778e-18, 0.878589),Vector3D(0.319048, 3.36778e-18, 0.878589),Vector3D(0.320029, 0.0314519, 0.877153),
Vector3D(0.319048, 3.36778e-18, 0.878589),Vector3D(0.319048, 3.36778e-18, 0.878589),Vector3D(0.320029, 0.0314519, 0.877153),
Vector3D(0.319048, 3.36778e-18, 0.878589),Vector3D(0.319048, 3.36778e-18, 0.878589),Vector3D(0.320029, 0.0314519, 0.877153),
Vector3D(0.319048, 3.36778e-18, 0.878589),Vector3D(0.319048, 3.36778e-18, 0.878589),Vector3D(0.320029, 0.0314519, 0.877153),
Vector3D(0.319048, 3.36778e-18, 0.878589),Vector3D(0.319048, 3.36778e-18, 0.878589),Vector3D(0.320029, 0.0314519, 0.877153),
Vector3D(0.319048, 3.36778e-18, 0.878589),Vector3D(0.319048, 3.36778e-18, 0.878589),Vector3D(0.320029, 0.0314519, 0.877153),
Vector3D(0.319048, 3.36778e-18, 0.878589),Vector3D(0.319048, 3.36778e-18, 0.878589),Vector3D(0.320029, 0.0314519, 0.877153),
Vector3D(0.319048, 3.36778e-18, 0.878589),Vector3D(0.319048, 3.36778e-18, 0.878589),Vector3D(0.320029, 0.0314519, 0.877153),
Vector3D(0.319048, 3.36778e-18, 0.878589),Vector3D(0.319048, 3.36778e-18, 0.878589),Vector3D(0.320029, 0.0314519, 0.877153),
Vector3D(0.319048, 3.36778e-18, 0.878589),Vector3D(0.319048, 3.36778e-18, 0.878589),Vector3D(0.320029, 0.0314519, 0.877153),
Vector3D(0.319048, 3.36778e-18, 0.878589),Vector3D(0.319048, 3.36778e-18, 0.878589),Vector3D(0.320029, 0.0314519, 0.877153),
Vector3D(0.319048, 3.36778e-18, 0.878589),Vector3D(0.319048, 3.36778e-18, 0.878589),Vector3D(0.320029, 0.0314519, 0.877153),
Vector3D(0.319048, 3.36778e-18, 0.878589),Vector3D(0.319048, 3.36778e-18, 0.878589),Vector3D(0.320029, 0.0314519, 0.877153),
Vector3D(0.319048, 3.36778e-18, 0.878589),Vector3D(0.319048, 3.36778e-18, 0.878589),Vector3D(0.320029, 0.0314519, 0.877153),
Vector3D(0.319048, 3.36778e-18, 0.878589),Vector3D(0.319048, 3.36778e-18, 0.878589),Vector3D(0.320029, 0.0314519, 0.877153),
Vector3D(0.319048, 3.36778e-18, 0.878589),Vector3D(0.319048, 3.36778e-18, 0.878589),Vector3D(0.320029, 0.0314519, 0.877153),
Vector3D(0.319048, 3.36778e-18, 0.878589),Vector3D(0.319048, 3.36778e-18, 0.878589),Vector3D(0.320029, 0.0314519, 0.877153),
Vector3D(0.319048, 3.36778e-18, 0.878589),Vector3D(0.319048, 3.36778e-18, 0.878589),Vector3D(0.320029, 0.0314519, 0.877153),
Vector3D(0.319048, 3.36778e-18, 0.878589),Vector3D(0.319048, 3.36778e-18, 0.878589),Vector3D(0.320029, 0.0314519, 0.877153),
Vector3D(0.319048, 3.36778e-18, 0.878589),Vector3D(0.319048, 3.36778e-18, 0.878589),Vector3D(0.320029, 0.0314519, 0.877153),
Vector3D(0.319048, 3.36778e-18, 0.878589),Vector3D(0.319048, 3.36778e-18, 0.878589),Vector3D(0.320029, 0.0314519, 0.877153),
Vector3D(0.319048, 3.36778e-18, 0.878589),Vector3D(0.319048, 3.36778e-18, 0.878589),Vector3D(0.320029, 0.0314519, 0.877153),
Vector3D(0.319048, 3.36778e-18, 0.878589),Vector3D(0.319048, 3.36778e-18, 0.878589),Vector3D(0.320029, 0.0314519, 0.877153),
Vector3D(0.319048, 3.36778e-18, 0.878589),Vector3D(0.319048, 3.36778e-18, 0.878589),Vector3D(0.320029, 0.0314519, 0.877153),
Vector3D(0.319048, 3.36778e-18, 0.878589),Vector3D(0.319048, 3.36778e-18, 0.878589),Vector3D(0.320029, 0.0314519, 0.877153),
Vector3D(0.319048, 3.36778e-18, 0.878589),Vector3D(0.319048, 3.36778e-18, 0.878589),Vector3D(0.320029, 0.0314519, 0.877153),
Vector3D(0.319048, 3.36778e-18, 0.878589),Vector3D(0.319048, 3.36778e-18, 0.878589),Vector3D(0.320029, 0.0314519, 0.877153),
Vector3D(0.319048, 3.36778e-18, 0.878589),Vector3D(0.319048, 3.36778e-18, 0.878589),Vector3D(0.320029, 0.0314519, 0.877153),
Vector3D(0.319048, 3.36778e-18, 0.878589),Vector3D(0.319048, 3.36778e-18, 0.878589),Vector3D(0.320029, 0.0314519, 0.877153),
Vector3D(0.319048, 3.36778e-18, 0.878589),Vector3D(0.319048, 3.36778e-18, 0.878589),Vector3D(0.320029, 0.0314519, 0.877153),
Vector3D(0.319048, 3.36778e-18, 0.878589),Vector3D(0.319048, 3.36778e-18, 0.878589),Vector3D(0.320029, 0.0314519, 0.877153),
Vector3D(0.319048, 3.36778e-18, 0.878589),Vector3D(0.319048, 3.36778e-18, 0.878589),Vector3D(0.320029, 0.0314519, 0.877153),
Vector3D(0.319048, 3.36778e-18, 0.878589),Vector3D(0.319048, 3.36778e-18, 0.878589),Vector3D(0.320029, 0.0314519, 0.877153),
Vector3D(0.319048, 3.36778e-18, 0.878589),Vector3D(0.319048, 3.36778e-18, 0.878589),Vector3D(0.320029, 0.0314519, 0.877153),
Vector3D(0.319048, 3.36778e-18, 0.878589),Vector3D(0.319048, 3.36778e-18, 0.878589),Vector3D(0.320029, 0.0314519, 0.877153),
Vector3D(0.319048, 3.36778e-18, 0.878589),Vector3D(0.319048, 3.36778e-18, 0.878589),Vector3D(0.320029, 0.0314519, 0.877153),
Vector3D(0.319048, 3.36778e-18, 0.878589),Vector3D(0.319048, 3.36778e-18, 0.878589),Vector3D(0.320029, 0.0314519, 0.877153),
Vector3D(0.319048, 3.36778e-18, 0.878589),Vector3D(0.319048, 3.36778e-18, 0.878589),Vector3D(0.320029, 0.0314519, 0.877153),
Vector3D(0.319048, 3.36778e-18, 0.878589),Vector3D(0.319048, 3.36778e-18, 0.878589),Vector3D(0.320029, 0.0314519, 0.877153),
Vector3D(0.319048, 3.36778e-18, 0.878589),Vector3D(0.319048, 3.36778e-18, 0.878589),Vector3D(0.320029, 0.0314519, 0.877153),
Vector3D(0.319048, 3.36778e-18, 0.878589),Vector3D(0.319048, 3.36778e-18, 0.878589),Vector3D(0.320029, 0.0314519, 0.877153),
Vector3D(0.319048, 3.36778e-18, 0.878589),Vector3D(0.319048, 3.36778e-18, 0.878589),Vector3D(0.320029, 0.0314519, 0.877153),
Vector3D(0.319048, 3.36778e-18, 0.878589),Vector3D(0.319048, 3.36778e-18, 0.878589),Vector3D(0.320029, 0.0314519, 0.877153),
Vector3D(0.319048, 3.36778e-18, 0.878589),Vector3D(0.319048, 3.36778e-18, 0.878589),Vector3D(0.320029, 0.0314519, 0.877153),
Vector3D(0.319048, 3.36778e-18, 0.878589),Vector3D(0.319048, 3.36778e-18, 0.878589),Vector3D(0.320029, 0.0314519, 0.877153),
Vector3D(0.319048, 3.36778e-18, 0.878589),Vector3D(0.319048, 3.36778e-18, 0.878589),Vector3D(0.320029, 0.0314519, 0.877153),
Vector3D(0.319048, 3.36778e-18, 0.878589),Vector3D(0.319048, 3.36778e-18, 0.878589),Vector3D(0.320029, 0.0314519, 0.877153),
Vector3D(0.319048, 3.36778e-18, 0.878589),Vector3D(0.319048, 3.36778e-18, 0.878589),Vector3D(0.320029, 0.0314519, 0.877153),
Vector3D(0.319048, 3.36778e-18, 0.878589),Vector3D(0.319048, 3.36778e-18, 0.878589),Vector3D(0.320029, 0.0314519, 0.877153),
Vector3D(0.319048, 3.36778e-18, 0.878589),Vector3D(0.319048, 3.36778e-18, 0.878589),Vector3D(0.320029, 0.0314519, 0.877153),
Vector3D(0.319048, 3.36778e-18, 0.878589),Vector3D(0.319048, 3.36778e-18, 0.878589),Vector3D(0.320029, 0.0314519, 0.877153),
Vector3D(0.319048, 3.36778e-18, 0.878589),Vector3D(0.319048, 3.36778e-18, 0.878589),Vector3D(0.320029, 0.0314519, 0.877153),
Vector3D(0.319048, 3.36778e-18, 0.878589),Vector3D(0.319048, 3.36778e-18, 0.878589),Vector3D(0.320029, 0.0314519, 0.877153),
Vector3D(0.319048, 3.36778e-18, 0.878589),Vector3D(0.319048, 3.36778e-18, 0.878589),Vector3D(0.320029, 0.0314519, 0.877153),
Vector3D(0.319048, 3.36778e-18, 0.878589),Vector3D(0.319048, 3.36778e-18, 0.878589),Vector3D(0.320029, 0.0314519, 0.877153),
Vector3D(0.319048, 3.36778e-18, 0.878589),Vector3D(0.319048, 3.36778e-18, 0.878589),Vector3D(0.320029, 0.0314519, 0.877153),
Vector3D(0.319048, 3.36778e-18, 0.878589),Vector3D(0.319048, 3.36778e-18, 0.878589),Vector3D(0.320029, 0.0314519, 0.877153),
Vector3D(0.319048, 3.36778e-18, 0.878589),Vector3D(0.319048, 3.36778e-18, 0.878589),Vector3D(0.320029, 0.0314519, 0.877153),
Vector3D(0.319048, 3.36778e-18, 0.878589),Vector3D(0.319048, 3.36778e-18, 0.878589),Vector3D(0.320029, 0.0314519, 0.877153),
Vector3D(0.319048, 3.36778e-18, 0.878589),Vector3D(0.319048, 3.36778e-18, 0.878589),Vector3D(0.320029, 0.0314519, 0.877153),
Vector3D(0.319048, 3.36778e-18, 0.878589),Vector3D(0.319048, 3.36778e-18, 0.878589),Vector3D(0.320029, 0.0314519, 0.877153),
Vector3D(0.319048, 3.36778e-18, 0.878589),Vector3D(0.319048, 3.36778e-18, 0.878589),Vector3D(0.320029, 0.0314519, 0.877153),
Vector3D(0.319048, 3.36778e-18, 0.878589),Vector3D(0.319048, 3.36778e-18, 0.878589),Vector3D(0.320029, 0.0314519, 0.877153),
Vector3D(0.319048, 3.36778e-18, 0.878589),Vector3D(0.319048, 3.36778e-18, 0.878589),Vector3D(0.320029, 0.0314519, 0.877153),
Vector3D(0.319048, 3.36778e-18, 0.878589),Vector3D(0.319048, 3.36778e-18, 0.878589),Vector3D(0.320029, 0.0314519, 0.877153),
Vector3D(0.319048, 3.36778e-18, 0.878589),Vector3D(0.319048, 3.36778e-18, 0.878589),Vector3D(0.320029, 0.0314519, 0.877153),
Vector3D(0.319048, 3.36778e-18, 0.878589),Vector3D(0.319048, 3.36778e-18, 0.878589),Vector3D(0.320029, 0.0314519, 0.877153),
Vector3D(0.319048, 3.36778e-18, 0.878589),Vector3D(0.319048, 3.36778e-18, 0.878589),Vector3D(0.320029, 0.0314519, 0.877153),
Vector3D(0.319048, 3.36778e-18, 0.878589),Vector3D(0.319048, 3.36778e-18, 0.878589),Vector3D(0.320029, 0.0314519, 0.877153),
Vector3D(0.319048, 3.36778e-18, 0.878589),Vector3D(0.319048, 3.36778e-18, 0.878589),Vector3D(0.320029, 0.0314519, 0.877153),
Vector3D(0.319048, 3.36778e-18, 0.878589),Vector3D(0.319048, 3.36778e-18, 0.878589),Vector3D(0.320029, 0.0314519, 0.877153),
Vector3D(0.319048, 3.36778e-18, 0.878589),Vector3D(0.319048, 3.36778e-18, 0.878589),Vector3D(0.320029, 0.0314519, 0.877153),
Vector3D(0.319048, 3.36778e-18, 0.878589),Vector3D(0.319048, 3.36778e-18, 0.878589),Vector3D(0.320029, 0.0314519, 0.877153),
Vector3D(0.319048, 3.36778e-18, 0.878589),Vector3D(0.319048, 3.36778e-18, 0.878589),Vector3D(0.320029, 0.0314519, 0.877153),
Vector3D(0.319048, 3.36778e-18, 0.878589),Vector3D(0.319048, 3.36778e-18, 0.878589),Vector3D(0.320029, 0.0314519, 0.877153),
Vector3D(0.319048, 3.36778e-18, 0.878589),Vector3D(0.319048, 3.36778e-18, 0.878589),Vector3D(0.320029, 0.0314519, 0.877153),
Vector3D(0.319048, 3.36778e-18, 0.878589),Vector3D(0.319048, 3.36778e-18, 0.878589),Vector3D(0.320029, 0.0314519, 0.877153),
Vector3D(0.319048, 3.36778e-18, 0.878589),Vector3D(0.319048, 3.36778e-18, 0.878589),Vector3D(0.320029, 0.0314519, 0.877153),
Vector3D(0.319048, 3.36778e-18, 0.878589),Vector3D(0.319048, 3.36778e-18, 0.878589),Vector3D(0.320029, 0.0314519, 0.877153),
Vector3D(0.319048, 3.36778e-18, 0.878589),Vector3D(0.319048, 3.36778e-18, 0.878589),Vector3D(0.320029, 0.0314519, 0.877153),
Vector3D(0.319048, 3.36778e-18, 0.878589),Vector3D(0.319048, 3.36778e-18, 0.878589),Vector3D(0.320029, 0.0314519, 0.877153),
Vector3D(0.319048, 3.36778e-18, 0.878589),Vector3D(0.319048, 3.36778e-18, 0.878589),Vector3D(0.320029, 0.0314519, 0.877153),
Vector3D(0.319048, 3.36778e-18, 0.878589),Vector3D(0.319048, 3.36778e-18, 0.878589),Vector3D(0.320029, 0.0314519, 0.877153),
Vector3D(0.319048, 3.36778e-18, 0.878589),Vector3D(0.319048, 3.36778e-18, 0.878589),Vector3D(0.320029, 0.0314519, 0.877153),
Vector3D(0.319048, 3.36778e-18, 0.878589),Vector3D(0.319048, 3.36778e-18, 0.878589),Vector3D(0.320029, 0.0314519, 0.877153),
Vector3D(0.319048, 3.36778e-18, 0.878589),Vector3D(0.319048, 3.36778e-18, 0.878589),Vector3D(0.320029, 0.0314519, 0.877153),
Vector3D(0.319048, 3.36778e-18, 0.878589),Vector3D(0.319048, 3.36778e-18, 0.878589),Vector3D(0.320029, 0.0314519, 0.877153),
Vector3D(0.319048, 3.36778e-18, 0.878589),Vector3D(0.319048, 3.36778e-18, 0.878589),Vector3D(0.320029, 0.0314519, 0.877153),
Vector3D(0.319048, 3.36778e-18, 0.878589),Vector3D(0.319048, 3.36778e-18, 0.878589),Vector3D(0.320029, 0.0314519, 0.877153),
Vector3D(0.319048, 3.36778e-18, 0.878589),Vector3D(0.319048, 3.36778e-18, 0.878589),Vector3D(0.320029, 0.0314519, 0.877153),
Vector3D(0.319048, 3.36778e-18, 0.878589),Vector3D(0.319048, 3.36778e-18, 0.878589),Vector3D(0.320029, 0.0314519, 0.877153),
Vector3D(0.319048, 3.36778e-18, 0.878589),Vector3D(0.319048, 3.36778e-18, 0.878589),Vector3D(0.320029, 0.0314519, 0.877153),
Vector3D(0.319048, 3.36778e-18, 0.878589),Vector3D(0.319048, 3.36778e-18, 0.878589),Vector3D(0.320029, 0.0314519, 0.877153),
Vector3D(0.319048, 3.36778e-18, 0.878589),Vector3D(0.319048, 3.36778e-18, 0.878589),Vector3D(0.320029, 0.0314519, 0.877153),
Vector3D(0.319048, 3.36778e-18, 0.878589),Vector3D(0.319048, 3.36778e-18, 0.878589),Vector3D(0.320029, 0.0314519, 0.877153),
Vector3D(0.319048, 3.36778e-18, 0.878589),Vector3D(0.319048, 3.36778e-18, 0.878589),Vector3D(0.320029, 0.0314519, 0.877153),
Vector3D(0.319048, 3.36778e-18, 0.878589),Vector3D(0.319048, 3.36778e-18, 0.878589),Vector3D(0.320029, 0.0314519, 0.877153),
Vector3D(0.319048, 3.36778e-18, 0.878589),Vector3D(0.319048, 3.36778e-18, 0.878589),Vector3D(0.320029, 0.0314519, 0.877153),
Vector3D(0.319048, 3.36778e-18, 0.878589),Vector3D(0.319048, 3.36778e-18, 0.878589),Vector3D(0.320029, 0.0314519, 0.877153),
Vector3D(0.319048, 3.36778e-18, 0.878589),Vector3D(0.319048, 3.36778e-18, 0.878589),Vector3D(0.320029, 0.0314519, 0.877153),
Vector3D(0.319048, 3.36778e-18, 0.878589),Vector3D(0.319048, 3.36778e-18, 0.878589),Vector3D(0.320029, 0.0314519, 0.877153),
Vector3D(0.319048, 3.36778e-18, 0.878589),Vector3D(0.319048, 3.36778e-18, 0.878589),Vector3D(0.320029, 0.0314519, 0.877153),
Vector3D(0.319048, 3.36778e-18, 0.878589),Vector3D(0.319048, 3.36778e-18, 0.878589),Vector3D(0.320029, 0.0314519, 0.877153),
Vector3D(0.319048, 3.36778e-18, 0.878589),Vector3D(0.319048, 3.36778e-18, 0.878589),Vector3D(0.320029, 0.0314519, 0.877153),
Vector3D(0.319048, 3.36778e-18, 0.878589),Vector3D(0.319048, 3.36778e-18, 0.878589),Vector3D(0.320029, 0.0314519, 0.877153),
Vector3D(0.319048, 3.36778e-18, 0.878589),Vector3D(0.319048, 3.36778e-18, 0.878589),Vector3D(0.320029, 0.0314519, 0.877153),
Vector3D(0.319048, 3.36778e-18, 0.878589),Vector3D(0.319048, 3.36778e-18, 0.878589),Vector3D(0.320029, 0.0314519, 0.877153),
Vector3D(0.319048, 3.36778e-18, 0.878589),Vector3D(0.319048, 3.36778e-18, 0.878589),Vector3D(0.320029, 0.0314519, 0.877153),
Vector3D(0.319048, 3.36778e-18, 0.878589),Vector3D(0.319048, 3.36778e-18, 0.878589),Vector3D(0.320029, 0.0314519, 0.877153),
Vector3D(0.319048, 3.36778e-18, 0.878589),Vector3D(0.319048, 3.36778e-18, 0.878589),Vector3D(0.320029, 0.0314519, 0.877153),
Vector3D(0.319048, 3.36778e-18, 0.878589),Vector3D(0.319048, 3.36778e-18, 0.878589),Vector3D(0.320029, 0.0314519, 0.877153),
Vector3D(0.319048, 3.36778e-18, 0.878589),Vector3D(0.319048, 3.36778e-18, 0.878589),Vector3D(0.320029, 0.0314519, 0.877153),
Vector3D(0.319048, 3.36778e-18, 0.878589),Vector3D(0.319048, 3.36778e-18, 0.878589),Vector3D(0.320029, 0.0314519, 0.877153),
Vector3D(0.319048, 3.36778e-18, 0.878589),Vector3D(0.319048, 3.36778e-18, 0.878589),Vector3D(0.320029, 0.0314519, 0.877153),
Vector3D(0.319048, 3.36778e-18, 0.878589),Vector3D(0.319048, 3.36778e-18, 0.878589),Vector3D(0.320029, 0.0314519, 0.877153),
Vector3D(0.319048, 3.36778e-18, 0.878589),Vector3D(0.319048, 3.36778e-18, 0.878589),Vector3D(0.320029, 0.0314519, 0.877153),
Vector3D(0.319048, 3.36778e-18, 0.878589),Vector3D(0.319048, 3.36778e-18, 0.878589),Vector3D(0.320029, 0.0314519, 0.877153),
Vector3D(0.319048, 3.36778e-18, 0.878589),Vector3D(0.319048, 3.36778e-18, 0.878589),Vector3D(0.320029, 0.0314519, 0.877153),
Vector3D(0.319048, 3.36778e-18, 0.878589),Vector3D(0.319048, 3.36778e-18, 0.878589),Vector3D(0.320029, 0.0314519, 0.877153),
Vector3D(0.319048, 3.36778e-18, 0.878589),Vector3D(0.319048, 3.36778e-18, 0.878589),Vector3D(0.320029, 0.0314519, 0.877153),
Vector3D(0.319048, 3.36778e-18, 0.878589),Vector3D(0.319048, 3.36778e-18, 0.878589),Vector3D(0.320029, 0.0314519, 0.877153),
Vector3D(0.319048, 3.36778e-18, 0.878589),Vector3D(0.319048, 3.36778e-18, 0.878589),Vector3D(0.320029, 0.0314519, 0.877153),
Vector3D(0.319048, 3.36778e-18, 0.878589),Vector3D(0.319048, 3.36778e-18, 0.878589),Vector3D(0.320029, 0.0314519, 0.877153),
Vector3D(0.319048, 3.36778e-18, 0.878589),Vector3D(0.319048, 3.36778e-18, 0.878589),Vector3D(0.320029, 0.0314519, 0.877153),
Vector3D(0.319048, 3.36778e-18, 0.878589),Vector3D(0.319048, 3.36778e-18, 0.878589),Vector3D(0.320029, 0.0314519, 0.877153),
Vector3D(0.319048, 3.36778e-18, 0.878589),Vector3D(0.319048, 3.36778e-18, 0.878589),Vector3D(0.320029, 0.0314519, 0.877153),
Vector3D(0.319048, 3.36778e-18, 0.878589),Vector3D(0.319048, 3.36778e-18, 0.878589),Vector3D(0.320029, 0.0314519, 0.877153),
Vector3D(0.319048, 3.36778e-18, 0.878589),Vector3D(0.319048, 3.36778e-18, 0.878589),Vector3D(0.320029, 0.0314519, 0.877153),
Vector3D(0.319048, 3.36778e-18, 0.878589),Vector3D(0.319048, 3.36778e-18, 0.878589),Vector3D(0.320029, 0.0314519, 0.877153),
Vector3D(0.319048, 3.36778e-18, 0.878589),Vector3D(0.319048, 3.36778e-18, 0.878589),Vector3D(0.320029, 0.0314519, 0.877153),
Vector3D(0.319048, 3.36778e-18, 0.878589),Vector3D(0.319048, 3.36778e-18, 0.878589),Vector3D(0.320029, 0.0314519, 0.877153),
Vector3D(0.319048, 3.36778e-18, 0.878589),Vector3D(0.319048, 3.36778e-18, 0.878589),Vector3D(0.320029, 0.0314519, 0.877153),
Vector3D(0.319048, 3.36778e-18, 0.878589),Vector3D(0.319048, 3.36778e-18, 0.878589),Vector3D(0.320029, 0.0314519, 0.877153),
Vector3D(0.319048, 3.36778e-18, 0.878589),Vector3D(0.319048, 3.36778e-18, 0.878589),Vector3D(0.320029, 0.0314519, 0.877153),
Vector3D(0.319048, 3.36778e-18, 0.878589),Vector3D(0.319048, 3.36778e-18, 0.878589),Vector3D(0.320029, 0.0314519, 0.877153),
Vector3D(0.319048, 3.36778e-18, 0.878589),Vector3D(0.319048, 3.36778e-18, 0.878589),Vector3D(0.320029, 0.0314519, 0.877153),
Vector3D(0.319048, 3.36778e-18, 0.878589),Vector3D(0.319048, 3.36778e-18, 0.878589),Vector3D(0.320029, 0.0314519, 0.877153),
Vector3D(0.319048, 3.36778e-18, 0.878589),Vector3D(0.319048, 3.36778e-18, 0.878589),Vector3D(0.320029, 0.0314519, 0.877153),
Vector3D(0.319048, 3.36778e-18, 0.878589),Vector3D(0.319048, 3.36778e-18, 0.878589),Vector3D(0.320029, 0.0314519, 0.877153),
Vector3D(0.319048, 3.36778e-18, 0.878589),Vector3D(0.319048, 3.36778e-18, 0.878589),Vector3D(0.320029, 0.0314519, 0.877153),
Vector3D(0.319048, 3.36778e-18, 0.878589),Vector3D(0.319048, 3.36778e-18, 0.878589),Vector3D(0.320029, 0.0314519, 0.877153),
Vector3D(0.319048, 3.36778e-18, 0.878589),Vector3D(0.319048, 3.36778e-18, 0.878589),Vector3D(0.320029, 0.0314519, 0.877153),
Vector3D(0.319048, 3.36778e-18, 0.878589),Vector3D(0.319048, 3.36778e-18, 0.878589),Vector3D(0.320029, 0.0314519, 0.877153),
Vector3D(0.319048, 3.36778e-18, 0.878589),Vector3D(0.319048, 3.36778e-18, 0.878589),Vector3D(0.320029, 0.0314519, 0.877153),
Vector3D(0.319048, 3.36778e-18, 0.878589),Vector3D(0.319048, 3.36778e-18, 0.878589),Vector3D(0.320029, 0.0314519, 0.877153),
